label,probability
1.0,0.9995833
1.0,0.5296316
1.0,0.9971251
1.0,0.91912806
1.0,0.99759907
1.0,0.99832743
1.0,0.99967813
0.0,0.014373726
1.0,0.9970799
1.0,0.96380335
1.0,0.99991333
1.0,0.9626914
1.0,0.99961746
1.0,0.99225086
0.0,0.07100122
1.0,0.9991641
1.0,0.8869123
1.0,0.9994523
0.0,0.0071322494
1.0,0.99868125
0.0,0.012905266
1.0,0.99545276
1.0,0.99978846
1.0,0.99963796
1.0,0.9998672
1.0,0.9985948
1.0,0.99806577
1.0,0.9919373
1.0,0.9999745
0.0,0.13575454
1.0,0.99773884
1.0,0.9994209
0.0,0.98824537
1.0,0.99917054
1.0,0.998828
1.0,0.6927217
1.0,0.9995851
1.0,0.9975439
1.0,0.99672073
1.0,0.99903786
1.0,0.99994004
1.0,0.9997446
1.0,0.99364567
1.0,0.99972326
1.0,0.9999846
1.0,0.9982901
1.0,0.99973184
1.0,0.9981097
1.0,0.9991696
1.0,0.99910384
1.0,0.9982535
1.0,0.98899263
0.0,0.07538991
1.0,0.9995741
1.0,0.9373336
1.0,0.999406
1.0,0.99242157
1.0,0.9996699
1.0,0.9991308
1.0,0.99728644
1.0,0.9999459
1.0,0.9919755
1.0,0.9997348
1.0,0.6910349
1.0,0.99972254
1.0,0.99198943
1.0,0.9978237
1.0,0.99158865
1.0,0.9980344
1.0,0.99762875
1.0,0.9990835
0.0,0.7151367
0.0,0.0051977197
1.0,0.9653356
1.0,0.9991744
1.0,0.99900013
1.0,0.9994203
1.0,0.9997367
1.0,0.9998745
1.0,0.9973742
1.0,0.9983677
1.0,0.9337359
1.0,0.9999553
0.0,0.91451496
1.0,0.9993692
1.0,0.99184495
1.0,0.9998092
1.0,0.9993932
1.0,0.99987006
1.0,0.9993957
1.0,0.97779864
1.0,0.9955674
1.0,0.9659074
1.0,0.9792005
1.0,0.9990048
1.0,0.99986506
1.0,0.99784434
1.0,0.9997862
1.0,0.4223314
0.0,0.9954983
1.0,0.065542966
0.0,0.9837533
1.0,0.99993575
1.0,0.99263215
1.0,0.99945265
1.0,0.99422485
1.0,0.99934703
1.0,0.9677008
1.0,0.93329793
1.0,0.8285449
1.0,0.9768891
1.0,0.9998161
1.0,0.99781215
1.0,0.99946445
1.0,0.9998004
1.0,0.99734914
1.0,0.9987263
1.0,0.9944659
1.0,0.9985239
1.0,0.9991696
1.0,0.9991166
0.0,0.17638028
0.0,0.0032268926
1.0,0.3551964
1.0,0.9911334
1.0,0.37635675
1.0,0.49789816
1.0,0.99339056
1.0,0.9993755
1.0,0.9995814
1.0,0.99822587
0.0,0.0005871514
1.0,0.9995521
1.0,0.9777104
1.0,0.99921966
1.0,0.99658704
1.0,0.999141
1.0,0.77165145
1.0,0.9984865
1.0,0.76502913
1.0,0.9999044
1.0,0.9998332
1.0,0.9981452
1.0,0.9939849
1.0,0.9976477
0.0,0.8729885
1.0,0.9958746
1.0,0.982128
0.0,0.30668512
1.0,0.9584054
1.0,0.9992065
0.0,0.9994468
0.0,0.43655348
1.0,0.97968286
1.0,0.99840826
1.0,0.9984085
1.0,0.997954
1.0,0.99531543
1.0,0.99892175
1.0,0.9992741
0.0,0.03181746
1.0,0.9971854
1.0,0.99988556
1.0,0.99981934
1.0,0.99967754
1.0,0.98687404
1.0,0.98496187
1.0,0.9214756
1.0,0.99387884
0.0,0.31252128
1.0,0.9996
1.0,0.9993254
1.0,0.99918705
1.0,0.99311876
1.0,0.9983223
1.0,0.9997013
0.0,0.021878477
1.0,0.9994167
1.0,0.9993426
1.0,0.98225486
1.0,0.9508104
1.0,0.99898237
1.0,0.059718248
1.0,0.9999428
1.0,0.99936587
1.0,0.9998522
1.0,0.9978491
0.0,0.9545227
1.0,0.9265551
1.0,0.9520805
1.0,0.9980823
1.0,0.9999448
1.0,0.99989223
1.0,0.9994679
1.0,0.9998604
1.0,0.9991744
0.0,0.32244003
1.0,0.9997347
1.0,0.9250883
1.0,0.9984963
1.0,0.9999504
1.0,0.96964663
1.0,0.99864894
1.0,0.99622667
1.0,0.9742028
1.0,0.9990483
1.0,0.999374
0.0,0.9684401
1.0,0.9998568
1.0,0.98705924
1.0,0.9965216
1.0,0.9876967
1.0,0.99956685
1.0,0.9991424
1.0,0.972191
0.0,0.19602442
1.0,0.99994063
0.0,0.2298933
1.0,0.9936963
1.0,0.9999584
1.0,0.9738463
1.0,0.9993924
1.0,0.9991054
1.0,0.9747229
1.0,0.9990195
1.0,0.9266773
1.0,0.9975981
1.0,0.9981634
1.0,0.97440785
1.0,0.99093515
0.0,0.0040577436
0.0,0.9966689
1.0,0.9973736
1.0,0.9997029
1.0,0.97605956
1.0,0.43283224
1.0,0.99978036
1.0,0.9925087
1.0,0.999869
1.0,0.9990501
0.0,0.06042339
1.0,0.9996766
1.0,0.9999684
1.0,0.99780875
1.0,0.9994135
1.0,0.99922
1.0,0.9996377
1.0,0.9936453
1.0,0.9993831
1.0,0.9985228
1.0,0.9993236
1.0,0.9988926
1.0,0.97313064
1.0,0.999567
1.0,0.9984492
1.0,0.99774337
0.0,0.0016014605
1.0,0.99655724
1.0,0.94315076
1.0,0.9994723
1.0,0.9959533
1.0,0.39134777
0.0,0.48312902
0.0,0.3827668
1.0,0.8692291
1.0,0.9981091
1.0,0.9998254
1.0,0.99824476
1.0,0.9999263
1.0,0.9846073
1.0,0.9996693
1.0,0.9996784
0.0,0.0016973943
1.0,0.9972299
1.0,0.97821665
1.0,0.9998047
1.0,0.99970764
1.0,0.99929404
1.0,0.9920805
1.0,0.97597355
1.0,0.99052644
0.0,0.0124014495
1.0,0.98302877
1.0,0.99964404
1.0,0.9990188
0.0,0.11349824
1.0,0.99879444
1.0,0.9832239
1.0,0.99510217
1.0,0.9988802
1.0,0.95625657
1.0,0.99828964
0.0,0.9700909
1.0,0.9998503
1.0,0.9952685
1.0,0.9999559
1.0,0.9866541
1.0,0.9986511
1.0,0.99922454
0.0,0.040596593
1.0,0.99776363
1.0,0.98999363
1.0,0.9996018
1.0,0.9952082
1.0,0.9999386
0.0,0.9723412
1.0,0.99556786
1.0,0.9765644
1.0,0.99764305
1.0,0.404109
1.0,0.99785894
1.0,0.94747853
1.0,0.9997335
1.0,0.9949004
1.0,0.9997806
1.0,0.9992551
1.0,0.999589
0.0,0.115210764
0.0,0.14308512
0.0,0.00044284278
1.0,0.99825174
0.0,0.00047999862
1.0,0.9944342
1.0,0.9991574
1.0,0.8992076
1.0,0.9994809
1.0,0.9897168
0.0,0.009700499
1.0,0.9997656
1.0,0.99897826
0.0,0.067880474
1.0,0.9956533
1.0,0.99949455
1.0,0.99943906
1.0,0.99736255
1.0,0.9996731
1.0,0.8335707
1.0,0.9996246
1.0,0.95023143
1.0,0.9998543
1.0,0.9990515
1.0,0.9996679
0.0,0.01895241
1.0,0.9181641
1.0,0.998667
1.0,0.99939597
1.0,0.99220395
1.0,0.9949981
1.0,0.99828476
0.0,0.017841827
1.0,0.9694791
0.0,0.83725905
1.0,0.99698037
1.0,0.9999645
1.0,0.9993631
1.0,0.802393
1.0,0.99855775
1.0,0.9997131
1.0,0.99837023
0.0,0.4017206
1.0,0.9972088
1.0,0.9535325
1.0,0.99737537
1.0,0.96552294
1.0,0.9982091
1.0,0.99524766
1.0,0.9844966
1.0,0.99954057
1.0,0.96326756
1.0,0.9990338
1.0,0.50571835
1.0,0.99974424
1.0,0.9997993
1.0,0.999302
1.0,0.93668187
1.0,0.9586831
1.0,0.99971
1.0,0.99851507
1.0,0.9895543
1.0,0.99986625
0.0,0.00028008918
1.0,0.99957293
1.0,0.9982982
1.0,0.9996259
1.0,0.9984231
0.0,0.031954367
1.0,0.9974687
1.0,0.99938
1.0,0.996747
1.0,0.9988607
1.0,0.7418458
1.0,0.99996614
1.0,0.99921834
0.0,0.6951128
1.0,0.99849916
1.0,0.99940693
1.0,0.7093722
1.0,0.97706246
0.0,0.0041939574
1.0,0.9638534
1.0,0.9996705
1.0,0.9999826
1.0,0.9880436
1.0,0.9971027
1.0,0.99861944
1.0,0.9646422
1.0,0.98672014
1.0,0.9979259
1.0,0.9996463
0.0,0.08286785
1.0,0.9999666
0.0,0.9999161
1.0,0.99127966
1.0,0.9996295
0.0,0.0052446397
1.0,0.99991024
1.0,0.99921954
1.0,0.9865465
1.0,0.9942714
0.0,0.9989404
0.0,0.006208137
1.0,0.9999503
0.0,0.8748674
1.0,0.9971198
1.0,0.9972433
1.0,0.98766243
1.0,0.9604924
1.0,0.98225313
1.0,0.99763787
1.0,0.97305363
1.0,0.9991172
1.0,0.9929248
1.0,0.9999063
1.0,0.99986875
1.0,0.9922146
1.0,0.99952626
1.0,0.9999474
0.0,0.0056457995
1.0,0.9948132
1.0,0.7550015
1.0,0.99990404
1.0,0.980071
1.0,0.99775547
1.0,0.9985808
1.0,0.996988
0.0,0.005752869
1.0,0.9990056
1.0,0.9834975
1.0,0.9987435
0.0,0.0013833749
1.0,0.33141574
1.0,0.9980198
1.0,0.9936608
1.0,0.998885
1.0,0.9817073
1.0,0.8188919
1.0,0.99231005
1.0,0.9974989
1.0,0.99710864
1.0,0.34293085
1.0,0.9967422
0.0,0.0064946814
1.0,0.99977714
1.0,0.99872464
1.0,0.9995989
1.0,0.9726176
1.0,0.9676798
1.0,0.9972199
1.0,0.9999349
0.0,0.5805407
1.0,0.28073463
1.0,0.6813166
1.0,0.99986017
1.0,0.99958366
0.0,0.6782165
1.0,0.9983668
0.0,0.03549002
1.0,0.9998184
1.0,0.9972741
1.0,0.99997795
0.0,0.042889923
1.0,0.9996598
1.0,0.99851197
0.0,0.894644
1.0,0.9986596
0.0,0.011031025
1.0,0.9989305
1.0,0.9989613
1.0,0.9934127
1.0,0.99979264
1.0,0.9871141
1.0,0.9947179
1.0,0.0299537
1.0,0.99950874
1.0,0.99731547
1.0,0.9999682
1.0,0.5646487
1.0,0.9998926
1.0,0.99967194
1.0,0.9978956
1.0,0.99926645
1.0,0.9989221
1.0,0.9999939
0.0,0.9994516
1.0,0.9959978
1.0,0.9863956
1.0,0.99932814
1.0,0.99078876
1.0,0.99993026
0.0,0.5055653
1.0,0.9954318
1.0,0.99968755
1.0,0.9998062
1.0,0.99843115
1.0,0.96518654
1.0,0.99925643
1.0,0.9884261
1.0,0.9999176
1.0,0.99903935
1.0,0.9786742
0.0,0.08794834
0.0,0.13782738
1.0,0.9995534
1.0,0.999263
1.0,0.98188686
1.0,0.999694
1.0,0.98016626
1.0,0.99618006
1.0,0.9990814
0.0,0.4967265
1.0,0.9995372
1.0,0.99904317
0.0,0.0034449135
1.0,0.99738055
1.0,0.9998567
1.0,0.99703646
1.0,0.9998846
0.0,0.00947085
0.0,0.26990932
1.0,0.97886616
1.0,0.9994704
1.0,0.99947995
1.0,0.99952614
0.0,0.8554467
0.0,0.17856833
1.0,0.99992514
1.0,0.9888207
1.0,0.9998241
1.0,0.999564
1.0,0.99945396
1.0,0.8814472
1.0,0.99929655
1.0,0.97731644
1.0,0.99949193
1.0,0.99749714
0.0,0.324764
1.0,0.9999565
1.0,0.9845882
0.0,0.029994378
1.0,0.9999014
1.0,0.99967694
1.0,0.99911124
0.0,0.06145749
1.0,0.9709584
1.0,0.9936154
1.0,0.97378254
0.0,0.95824206
1.0,0.9967079
1.0,0.99978906
1.0,0.99955446
1.0,0.9976179
1.0,0.9511831
0.0,0.9926212
1.0,0.95191544
1.0,0.999688
1.0,0.9998419
1.0,0.60004395
0.0,0.7464292
1.0,0.9984875
1.0,0.999923
1.0,0.999731
1.0,0.99964154
1.0,0.99954104
0.0,0.000567855
1.0,0.99990857
1.0,0.98960334
1.0,0.99867487
1.0,0.9911306
1.0,0.97430444
1.0,0.9907522
1.0,0.9991002
0.0,0.945305
1.0,0.9990023
1.0,0.9998615
1.0,0.9980737
1.0,0.99957734
1.0,0.99877256
1.0,0.4657495
1.0,0.9703938
1.0,0.99871016
1.0,0.9991098
1.0,0.99964595
1.0,0.99982244
1.0,0.9551323
1.0,0.9988967
1.0,0.9990721
1.0,0.99928266
1.0,0.999602
1.0,0.9983205
0.0,0.6449959
1.0,0.99943286
1.0,0.9998337
0.0,0.11548723
1.0,0.99964726
1.0,0.9971335
1.0,0.9764008
1.0,0.99899656
1.0,0.9987231
1.0,0.6035391
1.0,0.9931185
0.0,0.9982052
1.0,0.9812862
1.0,0.9997032
0.0,0.018421398
1.0,0.97585344
1.0,0.9996878
1.0,0.9983479
1.0,0.99992657
1.0,0.96365076
1.0,0.9984231
1.0,0.9940643
1.0,0.99322104
1.0,0.9925062
0.0,0.63519216
1.0,0.99996424
1.0,0.99974185
1.0,0.999705
1.0,0.99983525
0.0,0.6480304
1.0,0.9999312
1.0,0.9989189
1.0,0.9999443
1.0,0.99985147
1.0,0.9990482
0.0,0.0035504438
1.0,0.9990814
1.0,0.99832946
1.0,0.99141884
0.0,0.16592939
1.0,0.99920684
1.0,0.9988961
0.0,0.0010466893
1.0,0.9990471
1.0,0.9978179
1.0,0.99986887
1.0,0.9990978
1.0,0.9981117
1.0,0.99974734
1.0,0.99987376
1.0,0.99779594
1.0,0.99352115
1.0,0.9650984
1.0,0.995956
1.0,0.99979156
0.0,0.9924164
1.0,0.82727826
1.0,0.09694273
0.0,0.37765205
1.0,0.9883527
1.0,0.9911658
1.0,0.9170545
1.0,0.9989862
1.0,0.99206173
1.0,0.9983608
1.0,0.99973065
1.0,0.99781823
1.0,0.9996146
1.0,0.99901545
1.0,0.99615353
1.0,0.9989718
1.0,0.99885094
1.0,0.9933896
1.0,0.99021345
0.0,0.01036641
1.0,0.07282008
1.0,0.99975413
1.0,0.98533404
1.0,0.9975368
0.0,0.04482056
1.0,0.9857841
1.0,0.9991246
1.0,0.5127627
1.0,0.99977785
0.0,0.0128197605
1.0,0.99771786
1.0,0.997311
0.0,0.0014301288
1.0,0.99850357
1.0,0.9838802
1.0,0.99745136
1.0,0.99779797
0.0,0.70206386
0.0,0.06967743
1.0,0.9978053
0.0,0.00052607554
1.0,0.99458647
0.0,0.8483372
1.0,0.9955206
1.0,0.9998159
1.0,0.58632326
0.0,0.931616
1.0,0.9942362
1.0,0.99948454
1.0,0.9823461
1.0,0.99919313
1.0,0.9993092
1.0,0.99936706
1.0,0.9796056
1.0,0.99784935
1.0,0.998792
1.0,0.99856913
1.0,0.999843
1.0,0.85634696
1.0,0.99457186
1.0,0.99967325
1.0,0.99951124
0.0,0.009841015
1.0,0.99779785
1.0,0.9992887
1.0,0.95516545
1.0,0.99947923
0.0,0.07021666
1.0,0.8802484
1.0,0.99937695
1.0,0.99764484
1.0,0.99691075
1.0,0.9958384
0.0,0.9709899
1.0,0.9961312
1.0,0.9551957
1.0,0.99891746
1.0,0.6964732
0.0,0.99087757
1.0,0.99971265
1.0,0.9977863
1.0,0.9944161
1.0,0.9996247
1.0,0.99936527
0.0,0.43806946
1.0,0.9993401
0.0,0.0025280302
1.0,0.99824345
0.0,0.7648374
1.0,0.99964416
1.0,0.99683505
1.0,0.9955656
1.0,0.9998715
1.0,0.99949336
0.0,0.0012018918
1.0,0.21443939
1.0,0.99426574
1.0,0.9997434
0.0,0.24875416
1.0,0.20581609
1.0,0.9992275
1.0,0.9829658
0.0,0.3293357
1.0,0.99056023
1.0,0.97149134
1.0,0.9959061
1.0,0.99640036
1.0,0.99440575
1.0,0.9889636
1.0,0.989553
1.0,0.9999192
1.0,0.9026461
1.0,0.99968505
1.0,0.996108
1.0,0.85625285
1.0,0.99627703
0.0,0.0018134217
1.0,0.932718
1.0,0.9922551
1.0,0.9848646
1.0,0.9982083
1.0,0.9907403
1.0,0.99929523
0.0,0.061003238
0.0,0.015017604
1.0,0.99898523
1.0,0.98907244
1.0,0.99847275
1.0,0.9993793
1.0,0.96613497
1.0,0.99934274
1.0,0.98278826
0.0,0.0069824182
1.0,0.99527174
1.0,0.6738627
1.0,0.9971199
1.0,0.99703825
1.0,0.99693155
1.0,0.9995579
1.0,0.9973605
1.0,0.982165
1.0,0.9829714
1.0,0.9453737
1.0,0.9998072
0.0,0.9991171
1.0,0.99698645
1.0,0.9994122
0.0,0.9416561
1.0,0.99889994
1.0,0.99261427
1.0,0.7584111
1.0,0.99606234
1.0,0.99921393
1.0,0.9994418
1.0,0.9977125
1.0,0.9839594
1.0,0.9922131
1.0,0.99975556
1.0,0.9528832
1.0,0.9900603
1.0,0.99913764
1.0,0.9888946
1.0,0.99968743
1.0,0.99762964
1.0,0.99992645
1.0,0.989151
1.0,0.99694926
1.0,0.99956006
1.0,0.9997013
1.0,0.9982895
1.0,0.7784397
1.0,0.998317
1.0,0.9764515
1.0,0.9961557
1.0,0.9997043
1.0,0.99829704
1.0,0.99844766
1.0,0.9988432
1.0,0.9937132
1.0,0.9998078
0.0,0.00039302613
0.0,0.14283605
1.0,0.9998242
1.0,0.99848324
0.0,0.9636413
1.0,0.9997607
1.0,0.99541026
1.0,0.96783286
1.0,0.781864
0.0,0.11238855
1.0,0.9997429
1.0,0.99936575
1.0,0.9966313
0.0,0.000847315
1.0,0.99932086
1.0,0.99506617
1.0,0.9999242
1.0,0.99803895
0.0,0.2173523
0.0,0.01632607
1.0,0.99997437
1.0,0.97955644
1.0,0.9992418
1.0,0.8348983
1.0,0.96438974
1.0,0.9960984
1.0,0.9997373
0.0,0.73379296
1.0,0.98264587
1.0,0.9965863
0.0,0.0036169926
1.0,0.9614401
0.0,0.8494437
1.0,0.8654983
1.0,0.99392855
1.0,0.9988398
1.0,0.99884015
1.0,0.99539465
0.0,0.9987419
1.0,0.993483
1.0,0.9893506
1.0,0.9965726
1.0,0.95534015
1.0,0.9769331
1.0,0.9976301
1.0,0.99821055
1.0,0.84231913
1.0,0.9945058
1.0,0.99771345
1.0,0.99993837
1.0,0.99069375
1.0,0.9907352
1.0,0.9984459
0.0,0.97768855
1.0,0.9997552
0.0,0.0020521863
0.0,0.0007588765
1.0,0.9998747
1.0,0.99984276
1.0,0.99939394
1.0,0.99891174
1.0,0.9997075
1.0,0.9997954
1.0,0.8277491
0.0,0.058912862
1.0,0.9982292
1.0,0.99854654
1.0,0.99832386
1.0,0.9977325
1.0,0.99909794
1.0,0.8099841
1.0,0.99717075
1.0,0.99845994
1.0,0.9998086
1.0,0.999783
1.0,0.9931717
1.0,0.9981135
1.0,0.9969304
1.0,0.9994068
1.0,0.9967122
1.0,0.9695612
1.0,0.9948078
1.0,0.9971746
1.0,0.9991948
0.0,0.0036977509
1.0,0.9998011
1.0,0.99812955
1.0,0.9991598
1.0,0.99928445
1.0,0.9975637
1.0,0.9882311
0.0,0.99178267
1.0,0.9958146
1.0,0.9976714
1.0,0.9979315
1.0,0.9980806
1.0,0.9995092
1.0,0.9979786
1.0,0.9991123
1.0,0.998247
1.0,0.998387
0.0,0.17332289
1.0,0.67456985
1.0,0.9970394
0.0,0.05006965
1.0,0.9983668
1.0,0.99876773
1.0,0.99970067
1.0,0.9997398
1.0,0.9747103
1.0,0.994582
1.0,0.9975254
1.0,0.9992907
1.0,0.99809736
1.0,0.99733055
1.0,0.9960239
1.0,0.9929444
1.0,0.99963045
1.0,0.9561539
1.0,0.9948631
1.0,0.99896514
0.0,0.99004155
1.0,0.9946114
1.0,0.9955315
1.0,0.99191886
1.0,0.99954504
1.0,0.99954635
1.0,0.99937445
1.0,0.97838485
1.0,0.9997545
1.0,0.92267096
1.0,0.99763536
1.0,0.99968827
1.0,0.9892697
1.0,0.9999374
1.0,0.99876606
1.0,0.999416
1.0,0.9700561
1.0,0.99769235
1.0,0.995122
0.0,0.4076082
1.0,0.9956601
1.0,0.98531216
1.0,0.9998504
0.0,0.08609852
1.0,0.9997429
1.0,0.81128514
1.0,0.99624205
1.0,0.9949167
0.0,0.9959764
0.0,0.110826485
1.0,0.99977285
1.0,0.9979298
1.0,0.98582643
1.0,0.99775094
1.0,0.9970777
1.0,0.9995016
1.0,0.84939337
1.0,0.9995183
1.0,0.99959725
1.0,0.9948196
1.0,0.33380312
1.0,0.99998796
1.0,0.99792
0.0,0.9293114
1.0,0.998362
1.0,0.9989178
0.0,0.07549077
1.0,0.9993063
0.0,0.08456022
0.0,0.068507485
1.0,0.9884751
1.0,0.9999349
1.0,0.9968913
1.0,0.9666268
1.0,0.9820435
1.0,0.98680824
1.0,0.9995296
1.0,0.99727064
1.0,0.99799794
1.0,0.99991703
1.0,0.996997
1.0,0.935371
1.0,0.9999777
1.0,0.99947816
1.0,0.8616033
1.0,0.9989604
1.0,0.9271566
1.0,0.99974364
1.0,0.9502491
1.0,0.99741095
1.0,0.9995877
0.0,0.0004568595
1.0,0.8911505
1.0,0.9997632
1.0,0.9966827
1.0,0.99561137
1.0,0.99988484
1.0,0.94891566
1.0,0.922753
1.0,0.99458647
1.0,0.99924064
1.0,0.9998292
1.0,0.99677676
1.0,0.985644
1.0,0.9764504
0.0,0.00074886385
1.0,0.9995085
0.0,0.034217943
1.0,0.9961804
1.0,0.9960747
1.0,0.085150115
1.0,0.99835
1.0,0.99405116
1.0,0.9997514
1.0,0.99188995
1.0,0.98866814
1.0,0.98475015
0.0,0.016456656
1.0,0.9874642
1.0,0.9993405
1.0,0.99308974
1.0,0.9811198
1.0,0.9995061
1.0,0.99368817
1.0,0.9788769
1.0,0.9951574
1.0,0.99918026
1.0,0.9547075
1.0,0.995834
1.0,0.9991278
1.0,0.99955636
1.0,0.9995865
1.0,0.99137634
1.0,0.9998915
1.0,0.99964845
1.0,0.9630022
1.0,0.99499524
1.0,0.99821186
1.0,0.9893138
1.0,0.99704677
1.0,0.9717603
0.0,0.0042725736
1.0,0.92977905
1.0,0.99898905
1.0,0.09903564
1.0,0.9995939
1.0,0.9998721
0.0,0.010055938
1.0,0.9997397
1.0,0.99965584
0.0,0.13025205
1.0,0.9997316
1.0,0.744872
0.0,0.026118737
1.0,0.99996126
1.0,0.99220407
0.0,0.068436325
1.0,0.9910682
1.0,0.99744886
1.0,0.9986179
0.0,0.0026098064
0.0,0.0002937532
1.0,0.9994025
1.0,0.99753124
1.0,0.998566
1.0,0.99980944
1.0,0.9986313
1.0,0.9998355
1.0,0.9826493
0.0,0.1090685
1.0,0.98581403
0.0,0.6870378
1.0,0.995587
1.0,0.9887627
1.0,0.99881446
1.0,0.9994289
1.0,0.99973184
1.0,0.99801105
1.0,0.9993193
0.0,0.005418025
1.0,0.9975908
0.0,0.00026626684
0.0,0.48555583
1.0,0.9995894
1.0,0.999127
1.0,0.96989197
1.0,0.99853396
0.0,0.030317318
1.0,0.9951475
1.0,0.9928786
1.0,0.10667773
1.0,0.9969913
1.0,0.9961414
1.0,0.9989668
1.0,0.99444675
1.0,0.9995408
0.0,0.9902019
1.0,0.9915713
0.0,0.3182795
1.0,0.9978257
1.0,0.99860305
0.0,0.21010414
0.0,0.11877811
0.0,0.038304824
1.0,0.99979
1.0,0.9975758
1.0,0.99177074
0.0,0.030193558
1.0,0.9931076
1.0,0.9960375
1.0,0.98144
0.0,0.98016435
1.0,0.9979595
1.0,0.9926125
1.0,0.9935277
1.0,0.9987697
1.0,0.987587
1.0,0.997686
1.0,0.9982186
1.0,0.9994531
1.0,0.98707634
1.0,0.99763167
1.0,0.998116
1.0,0.9997446
1.0,0.99995196
1.0,0.90605617
1.0,0.9815176
1.0,0.9928348
1.0,0.96344715
1.0,0.9974202
1.0,0.997752
1.0,0.99989796
1.0,0.99770397
1.0,0.99942756
1.0,0.99714404
1.0,0.9988961
1.0,0.9997008
1.0,0.99970716
1.0,0.998367
1.0,0.9994017
1.0,0.9983175
1.0,0.99988973
1.0,0.9998159
1.0,0.9992447
0.0,0.95257753
1.0,0.37879515
1.0,0.9998135
1.0,0.9982834
1.0,0.9994313
1.0,0.99961996
1.0,0.99976176
1.0,0.999889
1.0,0.9998703
0.0,0.9826231
1.0,0.9999273
1.0,0.9995407
1.0,0.98958147
1.0,0.9954509
1.0,0.26389518
1.0,0.9986045
1.0,0.9987752
1.0,0.953361
1.0,0.9944798
0.0,0.00024097187
1.0,0.99996483
1.0,0.99733895
1.0,0.99823064
0.0,0.021828964
1.0,0.9991417
1.0,0.9572598
1.0,0.9989157
1.0,0.99985075
1.0,0.99681723
1.0,0.99975294
1.0,0.99942493
1.0,0.99638176
1.0,0.99375373
1.0,0.9980438
1.0,0.6814028
1.0,0.9821279
1.0,0.9985911
1.0,0.9996032
1.0,0.9999342
1.0,0.9918588
1.0,0.86522776
1.0,0.999793
1.0,0.99066037
1.0,0.99979657
1.0,0.99990785
1.0,0.999703
1.0,0.9957871
1.0,0.99920255
1.0,0.9979724
1.0,0.9998666
1.0,0.99653673
1.0,0.9907224
1.0,0.99608165
1.0,0.76284385
1.0,0.99472684
1.0,0.99766326
1.0,0.9955813
1.0,0.9988483
0.0,0.00446652
1.0,0.88036317
1.0,0.99769294
1.0,0.9930189
1.0,0.99905866
1.0,0.9999424
1.0,0.9930131
1.0,0.9989825
1.0,0.9243981
1.0,0.9991346
0.0,0.13174376
0.0,0.31159833
1.0,0.9977447
1.0,0.43306753
1.0,0.874778
0.0,0.99474216
1.0,0.9668921
1.0,0.998659
1.0,0.9989704
1.0,0.99932766
1.0,0.9947147
1.0,0.9865073
1.0,0.9985281
1.0,0.034114964
1.0,0.99990034
1.0,0.9036052
0.0,0.99553716
1.0,0.977518
1.0,0.9360869
1.0,0.98703545
1.0,0.96625215
0.0,0.6732385
1.0,0.98387146
1.0,0.99818426
1.0,0.9348255
1.0,0.99638534
1.0,0.99792707
1.0,0.9990042
1.0,0.9971385
1.0,0.94594437
1.0,0.28844061
1.0,0.96969604
1.0,0.9956943
0.0,1.5353815e-05
0.0,0.005627447
1.0,0.9999336
0.0,0.9508676
1.0,0.87059975
1.0,0.99966276
1.0,0.99939346
1.0,0.9942796
1.0,0.9968196
1.0,0.9977361
1.0,0.99987435
1.0,0.9966973
1.0,0.9949713
1.0,0.9400158
1.0,0.9780753
1.0,0.99791914
1.0,0.99980515
1.0,0.99822444
1.0,0.9994042
1.0,0.99890065
1.0,0.9978033
1.0,0.9992455
1.0,0.96975124
1.0,0.43234262
1.0,0.9990188
0.0,0.1247813
1.0,0.9976835
1.0,0.9999237
1.0,0.9998658
1.0,0.30228433
1.0,0.9981329
1.0,0.9994306
1.0,0.9992481
0.0,0.0010970059
1.0,0.9999554
1.0,0.8604358
1.0,0.99710983
1.0,0.9997465
1.0,0.99790204
1.0,0.99989545
0.0,0.6324924
1.0,0.99826545
0.0,0.003806076
1.0,0.9984804
1.0,0.9957897
1.0,0.9997012
1.0,0.99961543
1.0,0.24808502
1.0,0.9994281
1.0,0.99745065
0.0,0.93051577
1.0,0.9987877
0.0,0.13301
1.0,0.9907981
1.0,0.9955695
1.0,0.9985733
1.0,0.99931216
1.0,0.7410163
1.0,0.99729997
1.0,0.9997874
1.0,0.9993231
1.0,0.99949694
1.0,0.9999225
1.0,0.96726346
1.0,0.9998292
0.0,0.738169
1.0,0.99814606
1.0,0.99888855
0.0,0.82310677
0.0,0.99973804
1.0,0.98285216
1.0,0.99512935
1.0,0.999212
1.0,0.99971944
1.0,0.999435
0.0,0.0037384734
0.0,0.11069699
1.0,0.9980354
1.0,0.99930227
1.0,0.998544
1.0,0.9917054
1.0,0.9997427
1.0,0.99927586
1.0,0.98820424
1.0,0.9999355
1.0,0.9712534
0.0,0.89395976
1.0,0.9898117
1.0,0.99938023
0.0,0.0073030954
1.0,0.99331
1.0,0.99879265
1.0,0.999905
1.0,0.9991055
0.0,0.9592043
0.0,0.031836223
1.0,0.9995202
1.0,0.99815756
1.0,0.9981635
1.0,0.99979967
1.0,0.97671276
1.0,0.99545324
1.0,0.99923956
1.0,0.99920636
1.0,0.9993673
1.0,0.997721
1.0,0.98041254
1.0,0.9994629
1.0,0.9900096
0.0,0.80417526
1.0,0.61000484
1.0,0.99960834
1.0,0.9975908
1.0,0.9980819
0.0,0.65345776
1.0,0.99301165
1.0,0.9950577
1.0,0.9994324
1.0,0.9996718
1.0,0.9996457
1.0,0.9995449
0.0,0.12473319
1.0,0.99861443
1.0,0.98815084
1.0,0.9958461
1.0,0.9999095
1.0,0.99320966
1.0,0.9986488
1.0,0.9986589
0.0,0.02206266
1.0,0.9238619
1.0,0.99818283
1.0,0.9939468
1.0,0.80775154
1.0,0.9710141
1.0,0.992782
1.0,0.9743963
1.0,0.9988782
1.0,0.99984753
1.0,0.8641524
1.0,0.9986847
1.0,0.99952376
1.0,0.9994659
1.0,0.99570894
1.0,0.9912922
1.0,0.9984763
1.0,0.9967704
1.0,0.97317886
1.0,0.958873
1.0,0.9997888
1.0,0.999879
1.0,0.996123
0.0,0.7730205
0.0,0.8983021
1.0,0.9942212
1.0,0.99976057
1.0,0.92495334
1.0,0.99931514
1.0,0.9972078
1.0,0.9815263
1.0,0.9989519
1.0,0.99899656
1.0,0.99128515
1.0,0.9847793
1.0,0.9948843
1.0,0.99964774
1.0,0.9860292
1.0,0.99911374
1.0,0.9996195
0.0,0.0051611825
0.0,0.98319006
1.0,0.99996805
1.0,0.9985947
1.0,0.99972254
1.0,0.93702453
1.0,0.99155176
1.0,0.9797126
1.0,0.99997103
1.0,0.9999839
1.0,0.9996935
1.0,0.99516594
1.0,0.99936086
1.0,0.6751653
1.0,0.99767894
1.0,0.99985826
1.0,0.99979585
1.0,0.9654174
1.0,0.9974565
1.0,0.9986625
1.0,0.9989071
1.0,0.99864393
1.0,0.9990422
1.0,0.99756455
1.0,0.99514055
1.0,0.98045385
1.0,0.99990726
1.0,0.17082188
1.0,0.9988751
1.0,0.9963141
1.0,0.9971343
1.0,0.9007191
1.0,0.99942493
1.0,0.17641878
1.0,0.9930466
1.0,0.94282424
1.0,0.99815184
1.0,0.99962616
1.0,0.9996158
1.0,0.9989221
1.0,0.9994229
1.0,0.9305486
1.0,0.9991603
1.0,0.9993056
1.0,0.9999875
1.0,0.99908876
1.0,0.9476963
0.0,0.072953165
1.0,0.999361
0.0,0.0024519186
1.0,0.99508613
1.0,0.9999343
1.0,0.9997912
1.0,0.99781406
1.0,0.99765354
1.0,0.9994925
1.0,0.9995969
1.0,0.9901821
1.0,0.999035
1.0,0.99691355
1.0,0.9003195
1.0,0.99273044
1.0,0.9955786
1.0,0.9917645
0.0,0.9859298
1.0,0.9982186
1.0,0.99801517
1.0,0.99921334
1.0,0.99997616
0.0,0.48599106
0.0,0.05378172
1.0,0.99918264
1.0,0.999225
0.0,0.0054725413
0.0,0.016781587
0.0,0.82823515
1.0,0.9205956
0.0,0.025010679
1.0,0.9998313
1.0,0.9988457
1.0,0.99398226
1.0,0.9994099
1.0,0.9998847
1.0,0.99896204
1.0,0.99990404
1.0,0.9981255
1.0,0.9990207
0.0,0.36234072
1.0,0.9993801
1.0,0.9955101
0.0,0.063411444
1.0,0.9997596
1.0,0.9989761
1.0,0.99985373
1.0,0.99343574
1.0,0.9873389
1.0,0.9994665
1.0,0.9998355
1.0,0.99617946
1.0,0.51518875
1.0,0.99961615
1.0,0.9983771
1.0,0.016934732
1.0,0.99891293
1.0,0.9997646
1.0,0.9995932
1.0,0.9984976
1.0,0.99906486
1.0,0.99569666
1.0,0.9997341
1.0,0.99732876
0.0,0.0005308006
1.0,0.999816
1.0,0.99177366
1.0,0.84162545
0.0,0.9707465
1.0,0.9994998
0.0,0.7925078
1.0,0.2365765
1.0,0.999673
1.0,0.9989417
0.0,0.27170935
1.0,0.9997291
1.0,0.018883282
1.0,0.9995409
1.0,0.9998
0.0,0.000269247
1.0,0.9955722
0.0,0.00043591158
1.0,0.09767333
1.0,0.99920017
1.0,0.99808145
1.0,0.9951834
1.0,0.99938834
1.0,0.9955745
1.0,0.9998672
1.0,0.9629458
1.0,0.9994795
1.0,0.9967918
0.0,0.82654005
1.0,0.92453444
1.0,0.9991788
1.0,0.9999552
1.0,0.99843234
1.0,0.9957337
0.0,0.3416955
0.0,0.039813515
1.0,0.9984237
1.0,0.99788046
1.0,0.999814
1.0,0.9999304
1.0,0.9983789
1.0,0.99696016
1.0,0.9964934
1.0,0.969426
1.0,0.9987509
0.0,0.9723617
1.0,0.99659425
0.0,0.76694506
1.0,0.99986863
1.0,0.9998374
1.0,0.99889684
0.0,0.027495334
1.0,0.9952651
1.0,0.99676394
1.0,0.9870914
0.0,0.058836322
1.0,0.99689364
0.0,0.1775809
1.0,0.9985109
1.0,0.9990465
1.0,0.9835414
0.0,0.0011786243
0.0,0.010997886
1.0,0.7007052
1.0,0.219073
1.0,0.9988576
1.0,0.8715953
1.0,0.9992167
1.0,0.999471
1.0,0.9996221
1.0,0.99988127
1.0,0.9990538
1.0,0.8364521
1.0,0.99997425
1.0,0.99953187
1.0,0.99984205
1.0,0.9991636
0.0,0.17462143
1.0,0.99786466
0.0,0.01605134
1.0,0.99684525
1.0,0.99727196
1.0,0.85125524
1.0,0.99972075
1.0,0.93522084
1.0,0.041451383
1.0,0.9977239
1.0,0.9983891
1.0,0.018580528
1.0,0.60790074
1.0,0.9992482
0.0,0.8487397
1.0,0.9981875
1.0,0.9675886
1.0,0.9995357
1.0,0.99686
1.0,0.9997515
1.0,0.86269945
0.0,0.007501367
1.0,0.9960813
1.0,0.9994917
1.0,0.9997105
1.0,0.9994998
1.0,0.9992569
1.0,0.9674777
1.0,0.96230567
1.0,0.99686724
1.0,0.9964862
1.0,0.947793
1.0,0.999678
1.0,0.9975103
1.0,0.9976496
1.0,0.99820733
1.0,0.99575704
1.0,0.98080313
1.0,0.9627829
1.0,0.9811214
0.0,0.93903404
0.0,0.9165759
0.0,0.20885357
1.0,0.96688956
1.0,0.99941754
0.0,0.07439247
1.0,0.99989426
1.0,0.9997843
1.0,0.9189142
1.0,0.9997832
1.0,0.99760556
1.0,0.9994037
1.0,0.99933535
1.0,0.9975147
1.0,0.9991636
1.0,0.9998192
1.0,0.99801207
1.0,0.9981627
1.0,0.999788
1.0,0.99959534
0.0,0.023866402
1.0,0.9997849
0.0,0.7689521
0.0,0.9985141
1.0,0.99848783
1.0,0.9996631
1.0,0.99947315
1.0,0.9936807
1.0,0.99966466
1.0,0.99169594
1.0,0.9979917
1.0,0.99987197
1.0,0.9999298
0.0,0.9159329
1.0,0.99929476
1.0,0.99676126
1.0,0.9969484
1.0,0.9990792
1.0,0.9994287
1.0,0.96612585
1.0,0.98975426
1.0,0.99471325
1.0,0.9904124
0.0,7.0981354e-05
1.0,0.9999608
1.0,0.99967015
1.0,0.9996841
1.0,0.9984896
1.0,0.9981681
1.0,0.9994399
1.0,0.98036355
1.0,0.99989474
1.0,0.99668103
1.0,0.99735296
1.0,0.9954775
1.0,0.9991109
1.0,0.99629116
0.0,0.21416749
1.0,0.99714214
1.0,0.9600798
0.0,0.5586678
1.0,0.9974535
1.0,0.9995239
0.0,0.9540255
1.0,0.9998597
1.0,0.9995876
1.0,0.9999225
0.0,0.95597917
1.0,0.996439
1.0,0.99993956
1.0,0.9994204
1.0,0.9971922
1.0,0.9984737
1.0,0.92045724
1.0,0.98832697
1.0,0.9983876
1.0,0.98290193
1.0,0.86681336
1.0,0.99985385
1.0,0.9937961
1.0,0.99175537
1.0,0.9921888
1.0,0.9995722
1.0,0.99937916
1.0,0.60576105
1.0,0.9996265
0.0,0.07056397
1.0,0.9862287
1.0,0.99997044
1.0,0.9140179
1.0,0.9978662
1.0,0.999941
1.0,0.99852175
1.0,0.9980242
1.0,0.999169
1.0,0.9946689
0.0,0.28082952
1.0,0.9998512
1.0,0.8001451
1.0,0.95208925
1.0,0.9998547
1.0,0.9990772
1.0,0.9984945
1.0,0.999793
1.0,0.8268001
0.0,0.013570879
1.0,0.9962196
1.0,0.66678494
1.0,0.99894685
0.0,0.0250333
1.0,0.95348865
1.0,0.9982191
1.0,0.99948704
1.0,0.97858334
1.0,0.99581134
1.0,0.99405175
1.0,0.9542618
1.0,0.9998939
1.0,0.99853575
1.0,0.9990038
0.0,0.06542844
1.0,0.999597
1.0,0.99919385
1.0,0.99993646
1.0,0.99659544
1.0,0.98836863
1.0,0.9990313
1.0,0.9986803
1.0,0.9965031
1.0,0.9998925
1.0,0.99985397
0.0,0.056258406
0.0,0.98645556
0.0,0.9105687
0.0,0.08163656
1.0,0.99975365
1.0,0.99395895
1.0,0.99992466
1.0,0.9886904
1.0,0.99924636
1.0,0.640114
1.0,0.9999356
1.0,0.996009
1.0,0.99893254
1.0,0.98920435
1.0,0.3049247
1.0,0.9915611
1.0,0.99980694
0.0,0.02333935
1.0,0.96731454
1.0,0.996387
1.0,0.9981522
1.0,0.999775
1.0,0.9999347
1.0,0.948869
1.0,0.9624631
1.0,0.9968827
0.0,0.010365808
1.0,0.9968304
1.0,0.9969216
1.0,0.9944002
1.0,0.9992206
1.0,0.9908432
1.0,0.9992887
1.0,0.99919766
0.0,0.020467356
1.0,0.9831078
1.0,0.9999156
0.0,0.008035038
1.0,0.99984586
1.0,0.9991264
1.0,0.9988807
1.0,0.9992907
1.0,0.9943929
1.0,0.94761485
0.0,0.02362477
0.0,0.95590407
1.0,0.9403949
1.0,0.9997112
1.0,0.99971944
1.0,0.99856347
1.0,0.9997454
1.0,0.9941659
1.0,0.999778
1.0,0.99994874
0.0,0.021400027
1.0,0.9948495
1.0,0.99803466
0.0,0.17948651
1.0,0.998492
0.0,0.24097197
1.0,0.99474406
1.0,0.99932265
1.0,0.99875176
1.0,0.9985038
1.0,0.9964238
0.0,0.0017820114
1.0,0.9997584
1.0,0.9803709
1.0,0.9973803
1.0,0.997974
1.0,0.9997917
1.0,0.98884165
1.0,0.99033594
1.0,0.31030548
1.0,0.66922826
1.0,0.9951709
1.0,0.9996037
1.0,0.99961495
1.0,0.99979883
0.0,0.00013422941
1.0,0.9554121
1.0,0.9962554
1.0,0.9997856
1.0,0.9996747
1.0,0.9999629
0.0,0.004443698
1.0,0.997898
0.0,0.0009703088
1.0,0.9993837
1.0,0.9955918
1.0,0.9996686
1.0,0.98580766
1.0,0.9995228
1.0,0.9989096
1.0,0.99953914
1.0,0.996799
1.0,0.99536926
1.0,0.9896723
1.0,0.97608113
1.0,0.2945359
0.0,0.55387414
1.0,0.99973947
1.0,0.9978064
0.0,0.23955302
1.0,0.99954945
1.0,0.9991748
1.0,0.9996418
1.0,0.93817705
1.0,0.8250644
1.0,0.9981446
0.0,0.0028316693
1.0,0.99714345
1.0,0.9988487
1.0,0.9900782
0.0,0.06515837
0.0,0.021880293
1.0,0.09980544
1.0,0.99981886
1.0,0.9995815
1.0,0.9991418
1.0,0.9239818
1.0,0.4679902
1.0,0.99998033
1.0,0.9982279
1.0,0.99994016
1.0,0.96055585
1.0,0.99931574
1.0,0.9999851
0.0,0.04754727
0.0,0.9840289
1.0,0.13322385
1.0,0.61749965
1.0,0.996536
1.0,0.9990632
1.0,0.99641526
1.0,0.99992096
1.0,0.9962147
1.0,0.9396898
1.0,0.99898547
1.0,0.999808
1.0,0.9914882
1.0,0.995729
1.0,0.9998173
1.0,0.9890855
1.0,0.9839643
1.0,0.995761
1.0,0.8814914
1.0,0.9978569
1.0,0.9991646
1.0,0.9997179
1.0,0.96691364
1.0,0.9995797
1.0,0.9999366
0.0,0.00018968576
1.0,0.98537815
0.0,0.91065836
1.0,0.99943453
1.0,0.60242444
0.0,0.017568642
1.0,0.7609445
1.0,0.9877621
1.0,0.9976743
0.0,0.37523586
1.0,0.9983845
1.0,0.19582187
1.0,0.9756994
1.0,0.9965532
1.0,0.21797615
1.0,0.9998012
0.0,0.091688946
1.0,0.8876022
1.0,0.51828647
1.0,0.99844676
0.0,0.022087393
1.0,0.99890363
1.0,0.9996111
1.0,0.9413817
1.0,0.9988771
1.0,0.999874
0.0,0.0089923395
1.0,0.9965262
1.0,0.9993094
1.0,0.39971608
1.0,0.99947363
1.0,0.14548858
1.0,0.99785525
1.0,0.9896728
1.0,0.9950814
1.0,0.99645245
0.0,0.47866657
0.0,0.47085744
1.0,0.9674357
1.0,0.9960653
1.0,0.9729297
1.0,0.99272186
1.0,0.9902671
1.0,0.99975425
1.0,0.99449676
1.0,0.998638
0.0,0.004453131
1.0,0.9873176
1.0,0.99913764
1.0,0.9934801
0.0,0.019732973
1.0,0.9951232
1.0,0.9306797
1.0,0.9981343
1.0,0.99941623
1.0,0.9709456
1.0,0.9999541
1.0,0.999726
0.0,0.9831629
1.0,0.9857001
1.0,0.9983469
1.0,0.9886497
1.0,0.9992918
0.0,0.011152613
1.0,0.99892056
1.0,0.99973935
1.0,0.99906
1.0,0.9992218
1.0,0.9998627
1.0,0.34685838
1.0,0.95695096
1.0,0.9922053
1.0,0.99910223
1.0,0.9655074
0.0,0.19615848
1.0,0.9992099
0.0,0.85027117
1.0,0.99983287
1.0,0.99900204
1.0,0.99871016
1.0,0.99955386
1.0,0.99973315
1.0,0.99987483
1.0,0.9946827
1.0,0.9996692
1.0,0.9932648
1.0,0.9999685
1.0,0.9986027
1.0,0.99446493
1.0,0.981107
1.0,0.99859184
1.0,0.9996668
1.0,0.99993956
1.0,0.99816054
1.0,0.99286664
0.0,0.00058786257
1.0,0.9999857
1.0,0.9998665
1.0,0.99590343
1.0,0.9985084
0.0,0.9995159
1.0,0.99741447
1.0,0.99993944
1.0,0.9998342
1.0,0.9804884
1.0,0.9987747
1.0,0.99870086
1.0,0.9993474
1.0,0.8901563
1.0,0.9980489
1.0,0.9879097
0.0,0.99344516
1.0,0.999073
1.0,0.9997421
1.0,0.9998281
1.0,0.9990427
1.0,0.5036087
1.0,0.8087558
0.0,0.090168335
1.0,0.9903108
1.0,0.9992029
1.0,0.9985845
1.0,0.99291354
1.0,0.999749
1.0,0.45632496
1.0,0.9993687
1.0,0.9997501
1.0,0.9995005
1.0,0.99948657
0.0,0.017875768
1.0,0.9961241
0.0,0.0052339137
0.0,0.09329381
1.0,0.999406
1.0,0.9906455
1.0,0.9972572
1.0,0.9507453
1.0,0.99568534
1.0,0.99770445
1.0,0.9915523
0.0,0.8939005
1.0,0.9993266
1.0,0.99580777
1.0,0.99993527
0.0,0.011867471
0.0,0.0075581744
1.0,0.9870257
0.0,0.080197714
1.0,0.9980184
1.0,0.999908
1.0,0.94687754
1.0,0.9942469
1.0,0.99845433
1.0,0.9983809
0.0,0.10413493
0.0,0.46122283
1.0,0.89580935
1.0,0.9992847
1.0,0.99330395
1.0,0.99978715
1.0,0.994534
1.0,0.9590672
0.0,0.0023107128
1.0,0.99857295
1.0,0.9730219
1.0,0.9744849
1.0,0.9993498
1.0,0.99910444
1.0,0.99895775
0.0,0.31941566
1.0,0.98292863
1.0,0.2123629
1.0,0.9919059
1.0,0.9987644
0.0,1.5005647e-05
1.0,0.99889094
1.0,0.44461593
1.0,0.97050923
1.0,0.88215023
1.0,0.96111184
0.0,8.2901155e-05
1.0,0.998125
1.0,0.9993869
1.0,0.9979395
1.0,0.99975246
0.0,0.06121423
0.0,0.0065621445
1.0,0.99619764
1.0,0.9788334
1.0,0.9857751
1.0,0.99979645
1.0,0.98822916
1.0,0.98210335
1.0,0.9996057
1.0,0.090298794
1.0,0.26869023
0.0,0.9940294
1.0,0.9766053
1.0,0.99598455
0.0,0.9924287
1.0,0.97591
1.0,0.9993081
1.0,0.99198854
1.0,0.98058414
0.0,0.18964851
1.0,0.99721366
0.0,0.00068741175
1.0,0.14634927
1.0,0.9999281
0.0,0.014284519
1.0,0.9979533
1.0,0.99975425
1.0,0.99394953
0.0,0.0017363415
1.0,0.9864304
1.0,0.9838795
1.0,0.98348236
1.0,0.9999918
1.0,0.99836975
1.0,0.9998534
1.0,0.99867564
1.0,0.9980551
1.0,0.99983704
1.0,0.9996425
0.0,0.00034837017
1.0,0.997874
1.0,0.9998653
1.0,0.8646412
1.0,0.98335534
1.0,0.045269176
1.0,0.8955815
1.0,0.969476
1.0,0.99889576
1.0,0.99887234
1.0,0.9999273
0.0,0.22418042
1.0,0.9896311
1.0,0.9976822
1.0,0.9982495
1.0,0.99763787
0.0,0.9957475
1.0,0.014417127
1.0,0.9999012
1.0,0.9978154
0.0,0.0071371
1.0,0.9997162
1.0,0.8800673
1.0,0.9994498
1.0,0.99706167
1.0,0.9954136
1.0,0.9998692
1.0,0.8541801
1.0,0.9976573
1.0,0.99922097
1.0,0.9992632
1.0,0.9450313
1.0,0.46372965
1.0,0.99823195
1.0,0.9998559
1.0,0.9995633
1.0,0.99992895
1.0,0.9797576
1.0,0.98093224
0.0,0.7651395
0.0,0.059877932
0.0,0.3556936
1.0,0.9992163
1.0,0.88845956
1.0,0.99708635
1.0,0.9946466
1.0,0.9978492
1.0,0.9926596
1.0,0.9897573
1.0,0.99952877
1.0,0.99971884
1.0,0.9133649
1.0,0.99921954
0.0,0.24048777
1.0,0.99833137
1.0,0.99991274
0.0,0.37256494
1.0,0.9535566
0.0,0.30485523
1.0,0.97514606
1.0,0.9942985
1.0,0.99969566
1.0,0.9996145
1.0,0.99987745
1.0,0.99968934
1.0,0.99348277
1.0,0.98437506
0.0,4.9319962e-05
1.0,0.99990046
0.0,0.0045299195
1.0,0.9817572
1.0,0.9950872
1.0,0.99975127
1.0,0.9999342
1.0,0.99959546
1.0,0.9625748
1.0,0.99992037
1.0,0.99530846
1.0,0.9994216
1.0,0.99993217
1.0,0.99981123
1.0,0.9984976
1.0,0.9997702
1.0,0.9992342
1.0,0.9980471
1.0,0.9716703
1.0,0.99990785
0.0,0.00027600364
0.0,0.99488384
1.0,0.9996377
1.0,0.9906307
1.0,0.9990239
1.0,0.99686855
1.0,0.99921346
1.0,0.36350763
1.0,0.9993705
1.0,0.9998548
1.0,0.99018186
1.0,0.9990778
1.0,0.9994593
1.0,0.9996474
1.0,0.976971
1.0,0.51880157
1.0,0.999345
1.0,0.96990865
1.0,0.9529605
1.0,0.9434227
0.0,0.99820805
1.0,0.9972983
1.0,0.9776273
1.0,0.99473614
1.0,0.9997079
1.0,0.99695086
1.0,0.9916432
1.0,0.99953294
0.0,0.97387886
1.0,0.99972385
1.0,0.99091035
1.0,0.9924711
1.0,0.99969935
1.0,0.107653014
1.0,0.9999254
1.0,0.9964882
1.0,0.998362
1.0,0.98218507
1.0,0.9996772
1.0,0.084682144
1.0,0.9946002
1.0,0.9962076
1.0,0.99970526
1.0,0.9984363
1.0,0.99900204
1.0,0.99958295
1.0,0.9995264
1.0,0.9994393
1.0,0.99718505
1.0,0.99952996
1.0,0.9882178
1.0,0.99717015
1.0,0.9782703
1.0,0.9951473
0.0,0.6828275
1.0,0.99807644
0.0,0.9906148
1.0,0.998632
1.0,0.99816185
1.0,0.998676
1.0,0.996819
1.0,0.9993162
0.0,0.00040889083
1.0,0.99886346
1.0,0.9550665
0.0,0.8759075
1.0,0.98963237
1.0,0.99994636
1.0,0.99998724
1.0,0.8148329
1.0,0.9859788
1.0,0.98363173
1.0,0.99998677
0.0,0.7111439
1.0,0.9954535
1.0,0.99526715
1.0,0.9958156
1.0,0.9987035
1.0,0.81965
1.0,0.9999616
1.0,0.9999628
0.0,0.0051811696
0.0,0.00017604142
0.0,0.08090632
1.0,0.97959614
1.0,0.9939681
1.0,0.9997962
1.0,0.9989242
1.0,0.9998386
0.0,0.6512474
1.0,0.98364764
1.0,0.9940691
1.0,0.99636203
1.0,0.99940884
1.0,0.9676982
1.0,0.99488586
1.0,0.9938274
1.0,0.9982551
1.0,0.98617214
1.0,0.9995284
1.0,0.99968505
1.0,0.97441286
1.0,0.922242
0.0,0.002011594
1.0,0.9995766
1.0,0.9994405
1.0,0.98612857
1.0,0.9952884
1.0,0.998212
1.0,0.9995383
1.0,0.994843
1.0,0.9961118
1.0,0.99897826
0.0,0.3111291
1.0,0.997775
1.0,0.99889755
1.0,0.9948946
0.0,0.0033227499
1.0,0.9966492
1.0,0.9946126
1.0,0.9999516
1.0,0.94729674
1.0,0.99406624
1.0,0.31253317
1.0,0.9979734
0.0,0.0056043784
1.0,0.9999049
1.0,0.9969901
0.0,0.9867552
1.0,0.88374627
1.0,0.9664382
1.0,0.98343074
1.0,0.6369106
1.0,0.9970831
1.0,0.9901708
0.0,0.70571864
1.0,0.99945337
1.0,0.9967078
0.0,0.30465284
1.0,0.9999192
1.0,0.99602216
1.0,0.9921829
1.0,0.9992661
0.0,0.0014068988
1.0,0.9934871
1.0,0.9990621
1.0,0.95962435
1.0,0.13879023
1.0,0.99266064
1.0,0.9985696
0.0,0.21326795
1.0,0.99946386
1.0,0.99883693
1.0,0.9995485
1.0,0.9955481
1.0,0.9999262
0.0,0.0017065492
1.0,0.99826485
1.0,0.9998752
1.0,0.99992514
1.0,0.99878997
1.0,0.9992736
1.0,0.97542995
0.0,0.015951246
1.0,0.9988319
1.0,0.99928516
1.0,0.988565
1.0,0.8003388
0.0,0.01310276
1.0,0.79027885
1.0,0.9982533
1.0,0.9993488
1.0,0.9925087
1.0,0.9999168
0.0,0.97179216
1.0,0.99544096
1.0,0.99673164
1.0,0.9970716
1.0,0.99727756
1.0,0.9983468
1.0,0.99795604
1.0,0.9994831
1.0,0.99942756
1.0,0.9951088
1.0,0.094293006
1.0,0.9945574
1.0,0.99446774
1.0,0.99971455
1.0,0.9855456
1.0,0.999534
1.0,0.9974185
1.0,0.9995078
1.0,0.52931356
1.0,0.92508644
1.0,0.990284
0.0,0.010913897
1.0,0.99905854
1.0,0.99972016
1.0,0.9985447
1.0,0.99921286
1.0,0.9997594
1.0,0.9988311
1.0,0.99989307
1.0,0.99979883
1.0,0.99896455
1.0,0.99927837
1.0,0.89748263
1.0,0.99000007
1.0,0.977647
1.0,0.9333453
1.0,0.9953524
1.0,0.9998723
1.0,0.88795567
1.0,0.93431354
1.0,0.998976
1.0,0.99955076
1.0,0.9997749
1.0,0.914103
1.0,0.99905497
1.0,0.9999001
0.0,0.043135073
1.0,0.9979241
0.0,0.40075257
1.0,0.9995389
1.0,0.9962184
1.0,0.9993855
1.0,0.66398424
1.0,0.9994728
1.0,0.99853647
1.0,0.96584785
1.0,0.99990344
1.0,0.9996512
1.0,0.99414635
1.0,0.99806863
1.0,0.9982186
1.0,0.99949825
1.0,0.998777
1.0,0.99669564
1.0,0.9935447
1.0,0.9971553
1.0,0.99956495
1.0,0.9966085
1.0,0.98016626
1.0,0.9814326
1.0,0.99708873
1.0,0.997973
1.0,0.9984138
1.0,0.925733
1.0,0.870753
1.0,0.9958022
1.0,0.9998253
1.0,0.996491
1.0,0.9983107
1.0,0.99799216
0.0,0.0036646312
1.0,0.96842235
1.0,0.99682415
0.0,0.015199922
1.0,0.99895966
1.0,0.36081123
0.0,0.0006881049
1.0,0.99987507
1.0,0.99945587
0.0,0.024585783
1.0,0.9994978
1.0,0.99865144
0.0,0.012735135
0.0,0.013781592
1.0,0.9998104
1.0,0.9998778
1.0,0.9996846
1.0,0.8855741
0.0,0.011264327
1.0,0.999759
1.0,0.99861467
1.0,0.69416755
1.0,0.99744785
1.0,0.9587678
1.0,0.9968286
1.0,0.9997608
1.0,0.9972972
0.0,0.014253037
1.0,0.99952877
1.0,0.99971086
1.0,0.99983644
1.0,0.99712235
1.0,0.9999101
0.0,0.010549856
0.0,0.98076403
0.0,0.0039385953
1.0,0.99907565
1.0,0.9998541
1.0,0.9995308
1.0,0.99997246
1.0,0.9992126
1.0,0.99800426
1.0,0.9969688
1.0,0.7658047
1.0,0.9998087
1.0,0.99640685
0.0,0.039710484
0.0,0.998221
0.0,0.02009515
1.0,0.9997954
1.0,0.99995744
0.0,0.009186247
1.0,0.49544096
1.0,0.97783285
1.0,0.99897087
1.0,0.99165255
1.0,0.99995303
1.0,0.9947706
1.0,0.9982324
1.0,0.9612248
1.0,0.9985373
0.0,0.68169445
1.0,0.9981173
1.0,0.9973386
1.0,0.9741547
1.0,0.96036303
1.0,0.9996762
1.0,0.99983776
1.0,0.9992719
1.0,0.9998393
1.0,0.9997702
0.0,7.277317e-05
1.0,0.9905026
1.0,0.9994037
1.0,0.20792282
1.0,0.78830916
1.0,0.99884915
1.0,0.9842986
1.0,0.99566275
1.0,0.99995637
1.0,0.9996456
1.0,0.9994955
1.0,0.05438347
1.0,0.9348384
1.0,0.9994129
1.0,0.9999081
1.0,0.9642915
1.0,0.9997763
1.0,0.9533808
1.0,0.9976968
1.0,0.9989091
0.0,0.51417124
1.0,0.9961475
1.0,0.9796744
0.0,0.03614097
1.0,0.9998265
1.0,0.99934465
0.0,0.01789298
1.0,0.57874024
0.0,0.23872273
1.0,0.99879164
0.0,0.99840564
1.0,0.99963474
1.0,0.99570674
1.0,0.9996165
1.0,0.99967873
1.0,0.99423605
1.0,0.99756205
1.0,0.99332666
1.0,0.99929523
1.0,0.99965596
1.0,0.99997675
0.0,0.00562936
1.0,0.98260003
1.0,0.9985196
0.0,0.11243389
1.0,0.72261393
1.0,0.9992279
0.0,0.0006110307
1.0,0.99607
1.0,0.0015190417
1.0,0.99684685
1.0,0.9969223
0.0,0.92156714
1.0,0.9956619
1.0,0.93788356
1.0,0.9986946
1.0,0.9981421
1.0,0.99773836
1.0,0.9993272
1.0,0.9938326
1.0,0.98408335
1.0,0.7894684
1.0,0.99969876
1.0,0.9994796
1.0,0.99936527
1.0,0.9995409
1.0,0.9998741
1.0,0.999315
0.0,0.034249544
1.0,0.9842202
1.0,0.9969405
0.0,0.06202419
1.0,0.9986916
1.0,0.9005578
1.0,0.9263543
0.0,0.02286568
1.0,0.9995246
1.0,0.99812764
1.0,0.99928766
1.0,0.94425726
0.0,0.9894085
0.0,0.99452484
0.0,0.90514356
1.0,0.9861448
1.0,0.88756233
1.0,0.9838344
1.0,0.9829505
1.0,0.99924904
1.0,0.9989452
1.0,0.7791128
1.0,0.99264127
1.0,0.98836607
0.0,0.84168285
1.0,0.99801457
0.0,0.85697615
1.0,0.9996706
1.0,0.9949882
1.0,0.9997297
1.0,0.9994537
1.0,0.99237484
1.0,0.41013658
0.0,0.995783
1.0,0.99727565
1.0,0.9982141
0.0,0.5179778
1.0,0.9967109
1.0,0.9992818
1.0,0.9939029
1.0,0.99808633
1.0,0.9833771
1.0,0.99568933
1.0,0.9897741
1.0,0.9951721
1.0,0.99442863
1.0,0.99986756
0.0,0.02521087
1.0,0.99958783
1.0,0.9794883
1.0,0.99966717
1.0,0.9999392
1.0,0.72238916
1.0,0.99991274
1.0,0.9177426
1.0,0.9984841
0.0,0.20145452
0.0,0.003673277
1.0,0.99728477
1.0,0.99850804
0.0,8.23552e-05
1.0,0.9699
1.0,0.9997936
1.0,0.9990119
1.0,0.99737
1.0,0.99580956
1.0,0.99424475
1.0,0.9955764
1.0,0.99917465
0.0,0.5892539
1.0,0.9995975
1.0,0.99988127
1.0,0.99784255
1.0,0.9993864
0.0,0.9985812
1.0,0.99953306
1.0,0.9989623
1.0,0.99925226
1.0,0.9996107
1.0,0.99979955
0.0,0.0028260187
1.0,0.99667704
1.0,0.9991948
1.0,0.997027
1.0,0.99569714
1.0,0.99764985
1.0,0.9996226
1.0,0.98757637
1.0,0.9970872
1.0,0.99237275
1.0,0.99964595
1.0,0.99015325
0.0,0.0096909385
1.0,0.9934095
0.0,0.9467724
1.0,0.9996087
0.0,0.008619426
0.0,0.001298838
1.0,0.99040717
1.0,0.99455875
1.0,0.99973184
1.0,0.9413375
1.0,0.99947137
1.0,0.93927324
1.0,0.9875408
1.0,0.9878423
1.0,0.99997866
1.0,0.9992442
1.0,0.9986082
1.0,0.999509
1.0,0.9998715
1.0,0.97437686
1.0,0.98649895
1.0,0.80033714
1.0,0.9926495
1.0,0.9992717
1.0,0.9938638
1.0,0.99858546
1.0,0.99990714
1.0,0.9985605
1.0,0.99949896
1.0,0.9887256
1.0,0.99671197
0.0,0.03846555
1.0,0.9998258
1.0,0.9996113
1.0,0.99367577
1.0,0.99881124
1.0,0.9975363
1.0,0.99911314
1.0,0.9997352
1.0,0.99951947
1.0,0.9994198
1.0,0.9995327
1.0,0.9999021
1.0,0.9978472
1.0,0.97571564
1.0,0.5669825
1.0,0.9998784
1.0,0.9961003
1.0,0.9995747
1.0,0.9998642
1.0,0.9907901
1.0,0.9993431
1.0,0.9726865
1.0,0.999419
1.0,0.9941386
1.0,0.9581133
1.0,0.9996896
1.0,0.99916923
0.0,0.005873379
1.0,0.9996846
1.0,0.99984455
0.0,0.5447587
1.0,0.81130457
1.0,0.9794018
1.0,0.99992955
0.0,0.30809852
1.0,0.9989059
1.0,0.99948907
0.0,0.7452647
1.0,0.89593184
1.0,0.999308
1.0,0.9999027
1.0,0.9998529
1.0,0.94075704
1.0,0.9998629
1.0,0.60688376
1.0,0.9998714
1.0,0.99885845
1.0,0.992481
1.0,0.99758697
1.0,0.6527569
1.0,0.8436498
1.0,0.9988845
1.0,0.9994331
1.0,0.99833256
1.0,0.6923968
1.0,0.9954963
1.0,0.9995747
1.0,0.19856136
1.0,0.9993523
1.0,0.9978702
1.0,0.99963987
1.0,0.9978688
1.0,0.9997465
1.0,0.9991866
1.0,0.99945635
1.0,0.9915143
1.0,0.99286145
1.0,0.39286083
0.0,0.9976501
1.0,0.93342364
1.0,0.98648435
1.0,0.9995365
1.0,0.9997032
1.0,0.996693
1.0,0.99932003
0.0,0.7656629
1.0,0.9990982
0.0,0.51127076
1.0,0.9853656
1.0,0.99968636
1.0,0.99820673
1.0,0.9995777
1.0,0.9977533
1.0,0.9997451
0.0,0.0021535822
1.0,0.9514641
1.0,0.99961275
1.0,0.9987155
1.0,0.9997725
1.0,0.9906007
1.0,0.9963175
1.0,0.99830014
1.0,0.99875546
1.0,0.8296976
0.0,0.07573761
1.0,0.98479515
1.0,0.9998011
1.0,0.99885535
0.0,0.008670127
1.0,0.998885
1.0,0.99984944
1.0,0.9199477
1.0,0.99966586
1.0,0.7258046
0.0,0.6697758
1.0,0.95092416
1.0,0.64987034
1.0,0.996396
1.0,0.9929115
1.0,0.99980706
0.0,0.8884703
1.0,0.9089316
1.0,0.9969091
1.0,0.9994584
1.0,0.7832786
1.0,0.9989127
1.0,0.996485
1.0,0.99865216
1.0,0.9999374
1.0,0.9996284
1.0,0.80157876
1.0,0.9999715
1.0,0.9982868
1.0,0.99492997
1.0,0.98598653
1.0,0.943523
0.0,0.018137041
1.0,0.9994418
1.0,0.99982494
0.0,0.030230582
1.0,0.96332264
1.0,0.9802034
1.0,0.9983694
1.0,0.9997538
0.0,0.8450892
1.0,0.9951106
1.0,0.99549145
1.0,0.98354787
1.0,0.9975629
1.0,0.999874
1.0,0.99967587
1.0,0.9858533
0.0,0.97802025
1.0,0.8251062
1.0,0.99996877
0.0,0.53451157
0.0,0.67500216
0.0,0.0035173297
1.0,0.99297124
1.0,0.9982066
1.0,0.94113064
1.0,0.9992237
0.0,0.60388094
1.0,0.978889
0.0,0.18008703
1.0,0.9943051
1.0,0.99684864
1.0,0.9933009
1.0,0.9716652
1.0,0.981205
1.0,0.3769306
1.0,0.8680756
1.0,0.9738303
1.0,0.9986547
0.0,1.4984581e-05
1.0,0.9967951
1.0,0.97389084
1.0,0.9998437
1.0,0.9991124
1.0,0.9965888
1.0,0.9848935
1.0,0.9910746
1.0,0.9856258
0.0,0.9905359
1.0,0.99730563
1.0,0.99944264
1.0,0.7971121
1.0,0.95304126
1.0,0.9933689
1.0,0.9998411
1.0,0.99988043
1.0,0.9995559
0.0,0.31341967
1.0,0.99794346
1.0,0.99886924
0.0,0.04050719
0.0,0.000370599
0.0,0.020589666
1.0,0.99887854
1.0,0.986051
1.0,0.99832875
1.0,0.9868274
1.0,0.9985464
1.0,0.99963915
1.0,0.9955146
1.0,0.99587715
1.0,0.99948823
1.0,0.99771047
1.0,0.9985556
0.0,0.96907467
1.0,0.9692152
0.0,0.4090916
1.0,0.9997583
1.0,0.9911376
0.0,6.257167e-05
1.0,0.99909115
1.0,0.99939144
1.0,0.9934121
1.0,0.9998443
0.0,0.017448533
1.0,0.99740845
1.0,0.999653
1.0,0.9982948
1.0,0.24651402
1.0,0.90571946
1.0,0.9998871
1.0,0.9993641
1.0,0.076356314
0.0,0.024659233
1.0,0.38118422
1.0,0.99952567
0.0,0.004683758
0.0,0.9990601
1.0,0.8077859
1.0,0.99726164
1.0,0.9996344
1.0,0.9991949
1.0,0.23684205
0.0,0.971466
0.0,0.005726694
1.0,0.9971348
1.0,0.9989273
0.0,0.0065125143
1.0,0.9991667
0.0,0.15558529
1.0,0.99452895
1.0,0.998108
1.0,0.9968232
1.0,0.989925
1.0,0.9961971
1.0,0.9997377
1.0,0.9964413
0.0,0.49775222
1.0,0.999925
0.0,0.98779154
1.0,0.9916562
1.0,0.9986304
1.0,0.9970066
1.0,0.9951029
1.0,0.9999515
1.0,0.9828182
1.0,0.9976514
1.0,0.99946505
1.0,0.9854174
1.0,0.99966717
1.0,0.3243794
1.0,0.9992435
0.0,0.060360745
0.0,0.0067702765
1.0,0.99957865
1.0,0.9845309
1.0,0.9419118
0.0,0.0044385055
1.0,0.9997305
0.0,0.9890864
1.0,0.9948757
1.0,0.9926306
1.0,0.9944977
1.0,0.017183641
1.0,0.9995353
1.0,0.40648374
1.0,0.9958949
1.0,0.98285633
1.0,0.99997306
1.0,0.9967847
1.0,0.9952715
1.0,0.99966943
1.0,0.9983814
1.0,0.63671154
1.0,0.9951527
1.0,0.99735034
1.0,0.99829584
1.0,0.71457756
1.0,0.9999491
0.0,0.0005000872
1.0,0.9998186
1.0,0.9996418
1.0,0.9954347
1.0,0.9998258
1.0,0.9984787
1.0,0.99781007
0.0,0.0086769415
1.0,0.99552464
1.0,0.9953967
1.0,0.99320227
1.0,0.9992822
1.0,0.99972993
1.0,0.9972813
0.0,0.008135295
1.0,0.9999436
1.0,0.99969316
1.0,0.9994079
1.0,0.9999112
1.0,0.9767274
1.0,0.9995365
1.0,0.99950814
1.0,0.9968341
1.0,0.93175346
1.0,0.9941896
1.0,0.9967601
1.0,0.8772672
1.0,0.9917936
1.0,0.99974746
0.0,0.050090984
1.0,0.5912503
0.0,0.07333264
0.0,0.085909575
1.0,0.9932574
0.0,0.001756692
1.0,0.9852158
1.0,0.99842846
0.0,0.01765297
1.0,0.97984284
1.0,0.25369298
1.0,0.9989421
1.0,0.99923885
1.0,0.9528772
1.0,0.9998883
0.0,0.7542637
1.0,0.99905795
1.0,0.99747425
1.0,0.9934814
1.0,0.9941445
0.0,0.9470914
1.0,0.999616
1.0,0.9995926
1.0,0.99983764
1.0,0.99533135
1.0,0.9958545
1.0,0.99686676
0.0,0.000720474
1.0,0.88458264
1.0,0.9996117
1.0,0.9994655
1.0,0.99722975
1.0,0.99984276
1.0,0.9997794
1.0,0.9767196
0.0,0.059956927
1.0,0.9982437
1.0,0.9822123
1.0,0.9982685
1.0,0.9994666
0.0,0.27720505
1.0,0.9933443
1.0,0.91481966
1.0,0.99995434
0.0,0.014976525
1.0,0.9988018
0.0,0.26075968
1.0,0.9995043
1.0,0.9920289
0.0,0.49412885
1.0,0.99895006
1.0,0.9998323
1.0,0.9996051
1.0,0.999923
1.0,0.99935025
1.0,0.9999144
1.0,0.960883
1.0,0.99484986
1.0,0.9995696
1.0,0.9923299
0.0,0.022195533
1.0,0.9980848
1.0,0.9893189
1.0,0.9998578
1.0,0.99887913
1.0,0.99238586
1.0,0.9668511
1.0,0.9979189
0.0,0.13968746
1.0,0.9826957
1.0,0.88506913
1.0,0.99932945
0.0,0.12250335
1.0,0.41435325
1.0,0.9989711
1.0,0.9882387
0.0,0.6616063
1.0,0.99751246
1.0,0.99748385
1.0,0.999175
1.0,0.99983037
1.0,0.99951136
1.0,0.994676
1.0,0.9977647
1.0,0.9457198
0.0,0.01009063
1.0,0.9999516
0.0,0.89754575
1.0,0.9881942
1.0,0.021846637
1.0,0.99442744
1.0,0.9991786
1.0,0.98320365
1.0,0.99710435
0.0,0.0003706676
0.0,0.765501
1.0,0.99930155
1.0,0.999956
1.0,0.99961793
1.0,0.99967813
1.0,0.99761945
1.0,0.9495908
1.0,0.99937564
1.0,0.9988403
1.0,0.98553014
1.0,0.999529
1.0,0.99954623
0.0,0.013242753
1.0,0.99987936
1.0,0.99734986
1.0,0.9998215
1.0,0.25924847
1.0,0.9712415
1.0,0.9999026
1.0,0.9825013
1.0,0.64188874
1.0,0.9995603
1.0,0.97212976
1.0,0.99896085
1.0,0.9991103
1.0,0.9977022
1.0,0.99888927
1.0,0.84106445
1.0,0.99868065
1.0,0.99693465
0.0,0.017725553
1.0,0.9998122
1.0,0.9969703
0.0,0.02354704
1.0,0.8290061
1.0,0.944073
1.0,0.99831426
1.0,0.9979771
0.0,0.046000946
1.0,0.99904853
1.0,0.9987581
1.0,0.9981908
1.0,0.9998882
0.0,0.27995172
1.0,0.2777497
1.0,0.9888192
1.0,0.998892
0.0,0.9011517
1.0,0.999203
1.0,0.98464566
1.0,0.99623185
1.0,0.9968315
1.0,0.9999677
1.0,0.99983656
1.0,0.95185685
0.0,1.1555707e-05
1.0,0.7345887
1.0,0.9989568
1.0,0.9955907
1.0,0.9998287
1.0,0.9955913
1.0,0.9985013
1.0,0.9988287
1.0,0.990873
1.0,0.99975485
0.0,0.0064054327
1.0,0.90716416
1.0,0.9582163
1.0,0.99734783
1.0,0.9636142
1.0,0.9952272
1.0,0.8084674
1.0,0.99753416
1.0,0.99915195
1.0,0.99954563
1.0,0.9989219
1.0,0.99921167
1.0,0.9997489
1.0,0.94834685
1.0,0.9995833
0.0,0.07523988
0.0,0.34502682
1.0,0.9921135
1.0,0.9980876
1.0,0.94450074
1.0,0.9851531
1.0,0.9970759
0.0,0.03592441
1.0,0.9970499
0.0,0.05627002
1.0,0.99460185
1.0,0.9966904
1.0,0.9934331
1.0,0.9988758
1.0,0.99598086
1.0,0.9994723
1.0,0.03711395
1.0,0.99953413
0.0,0.4597076
1.0,0.99915695
1.0,0.99157155
1.0,0.9923104
1.0,0.9942023
1.0,0.9995148
1.0,0.995249
1.0,0.99973243
1.0,0.9996126
1.0,0.96401954
0.0,0.2843177
1.0,0.9982755
1.0,0.965879
1.0,0.93523633
1.0,0.99898225
0.0,0.52118516
1.0,0.98891616
1.0,0.9249054
1.0,0.94285065
1.0,0.999607
1.0,0.999592
1.0,0.9998946
0.0,0.15527299
1.0,0.99964535
1.0,0.9778972
1.0,0.98317367
1.0,0.9999713
1.0,0.9978751
1.0,0.99980336
1.0,0.99995303
1.0,0.953959
1.0,0.9998925
1.0,0.9997609
0.0,0.4076326
1.0,0.9995741
1.0,0.99159425
1.0,0.99463624
1.0,0.9886669
1.0,0.96592027
0.0,0.08485382
1.0,0.999803
1.0,0.9957683
1.0,0.98541486
1.0,0.9933143
1.0,0.65525377
1.0,0.9998098
1.0,0.99944407
1.0,0.9996927
1.0,0.99822444
1.0,0.99987066
1.0,0.9979054
0.0,0.98605365
1.0,0.99358505
1.0,0.99861073
1.0,0.9994708
0.0,0.92959213
1.0,0.99881977
1.0,0.9994286
1.0,0.99907196
1.0,0.97523993
1.0,0.9949833
1.0,0.7275804
1.0,0.9832028
0.0,0.8197383
1.0,0.9987796
0.0,0.55843276
0.0,0.81041324
1.0,0.9992737
0.0,0.032517757
0.0,0.90487087
1.0,0.97609156
1.0,0.9640567
1.0,0.9918716
1.0,0.8026627
1.0,0.09015346
1.0,0.988567
1.0,0.99995744
1.0,0.9996742
1.0,0.9996873
1.0,0.9769932
1.0,0.7257172
1.0,0.998914
1.0,0.9999
1.0,0.98709446
1.0,0.99872905
1.0,0.99846435
1.0,0.99187976
1.0,0.9841793
0.0,0.9828636
1.0,0.9971722
1.0,0.99956864
1.0,0.904956
1.0,0.9998049
1.0,0.9996038
1.0,0.9999057
0.0,0.9897911
1.0,0.9968798
1.0,0.40446144
0.0,0.0022449421
1.0,0.98477167
0.0,0.02448649
1.0,0.9997708
0.0,0.29455206
0.0,0.031410612
1.0,0.9989924
1.0,0.8225673
1.0,0.9746429
1.0,0.9996848
1.0,0.9995111
1.0,0.9694679
0.0,0.030443814
1.0,0.99991965
1.0,0.9992072
1.0,0.23177676
1.0,0.9978776
1.0,0.99379927
1.0,0.98533916
0.0,0.4851611
1.0,0.99952793
0.0,0.82504153
1.0,0.99709964
0.0,0.89770126
1.0,0.9951988
1.0,0.99988246
1.0,0.69003606
1.0,0.99997234
1.0,0.99923134
1.0,0.9866008
1.0,0.9998565
1.0,0.9972293
0.0,0.5338665
1.0,0.972326
1.0,0.999566
1.0,0.99357903
1.0,0.99700576
1.0,0.9984371
1.0,0.97959715
1.0,0.98422945
1.0,0.9980161
1.0,0.9932348
1.0,0.9808179
0.0,0.35441837
0.0,0.9808811
1.0,0.98196524
1.0,0.9975229
1.0,0.9994825
1.0,0.99915636
1.0,0.9998938
1.0,0.99950004
0.0,0.5443728
0.0,0.050605573
1.0,0.9820826
0.0,0.00037753407
0.0,0.015745487
1.0,0.99614257
1.0,0.9900872
1.0,0.9958364
0.0,0.95925695
1.0,0.99821246
0.0,0.90222067
0.0,0.553334
0.0,0.027323091
1.0,0.9976781
1.0,0.9997719
1.0,0.9657268
0.0,0.00022992899
1.0,0.99279237
1.0,0.97563386
1.0,0.9990872
0.0,0.43966118
1.0,0.9997372
1.0,0.9996829
1.0,0.93190217
1.0,0.9803817
1.0,0.9969324
0.0,0.09249681
1.0,0.9998801
0.0,0.450441
1.0,0.039437108
1.0,0.99955076
1.0,0.9895364
1.0,0.99917954
1.0,0.999175
0.0,0.0009378082
1.0,0.9999255
1.0,0.9976457
1.0,0.99706393
1.0,0.9996959
0.0,0.41649222
0.0,0.7997736
1.0,0.9997414
1.0,0.99975663
1.0,0.99868065
1.0,0.99771845
1.0,0.9999217
1.0,0.9999583
0.0,0.019652536
1.0,0.9790785
1.0,0.99848455
1.0,0.99648356
1.0,0.9998023
1.0,0.9990677
1.0,0.99771345
1.0,0.9997212
1.0,0.9991216
1.0,0.99761814
0.0,0.0011881295
1.0,0.99935275
1.0,0.99897456
1.0,0.9403639
1.0,0.99984884
1.0,0.998855
1.0,0.9900587
1.0,0.99963033
1.0,0.99992
1.0,0.99866235
1.0,0.99788266
1.0,0.037427165
1.0,0.9996537
1.0,0.9996141
1.0,0.9981408
1.0,0.99841785
1.0,0.9995832
1.0,0.99008137
1.0,0.9899726
1.0,0.99553406
1.0,0.9996742
1.0,0.9991198
1.0,0.9993012
0.0,0.9585024
1.0,0.87959564
0.0,0.019166619
1.0,0.9982351
1.0,0.97854733
1.0,0.9985537
1.0,0.99848145
1.0,0.9980007
1.0,0.99960154
1.0,0.9372939
1.0,0.99820936
1.0,0.83191365
1.0,0.99943274
1.0,0.99957854
1.0,0.99886227
1.0,0.999521
1.0,0.9999604
1.0,0.99652463
1.0,0.9999572
1.0,0.99932444
1.0,0.99975497
1.0,0.96103483
0.0,0.049186856
1.0,0.9988481
1.0,0.95182025
1.0,0.99938226
1.0,0.9867237
1.0,0.9985232
0.0,0.0014851941
1.0,0.93618613
1.0,0.07267977
1.0,0.99996936
0.0,0.72052026
1.0,0.99975747
1.0,0.99998534
0.0,0.8912197
1.0,0.99766314
1.0,0.99943465
0.0,0.061604638
0.0,0.0011547431
1.0,0.974879
1.0,0.99780256
1.0,0.9999547
1.0,0.99734277
1.0,0.9963558
1.0,0.9997205
1.0,0.99916923
1.0,0.99979717
1.0,0.999106
1.0,0.99985707
1.0,0.99964654
0.0,0.112798914
0.0,0.5355356
1.0,0.9987686
0.0,0.5511187
1.0,0.9995059
1.0,0.9998124
1.0,0.9965933
1.0,0.99957556
1.0,0.99313337
1.0,0.99885297
1.0,0.9987741
1.0,0.99946064
1.0,0.98816866
1.0,0.9998191
1.0,0.9965025
0.0,0.2955711
0.0,0.33899054
1.0,0.9999616
1.0,0.97584414
1.0,0.9997687
1.0,0.9991328
1.0,0.9992125
1.0,0.9997458
0.0,0.39266112
1.0,0.9986652
1.0,0.99930274
1.0,0.9975555
0.0,0.9958633
1.0,0.5370986
1.0,0.9985299
0.0,0.046980437
0.0,0.050844844
1.0,0.93543804
1.0,0.94104725
1.0,0.9991235
1.0,0.99988127
1.0,0.99985385
1.0,0.7759033
0.0,0.0024763294
1.0,0.9993298
1.0,0.96685255
0.0,0.029990196
1.0,0.9995635
1.0,0.9958379
1.0,0.9930595
1.0,0.9993625
1.0,0.99990094
1.0,0.9991725
1.0,0.999506
1.0,0.9929011
1.0,0.99551314
1.0,0.9992459
1.0,0.99881697
1.0,0.99960333
1.0,0.9741716
1.0,0.9983541
0.0,0.0022374333
1.0,0.89275026
1.0,0.99967396
1.0,0.99989545
1.0,0.9753469
1.0,0.35122007
1.0,0.9991985
0.0,0.0010961879
1.0,0.9991774
1.0,0.9994796
1.0,0.99942136
1.0,0.9993112
1.0,0.99318945
1.0,0.99953485
1.0,0.9754406
1.0,0.99531144
1.0,0.9989611
1.0,0.95094043
1.0,0.9987859
1.0,0.99923706
1.0,0.99955493
1.0,0.9320554
1.0,0.9993049
1.0,0.998749
1.0,0.99102086
1.0,0.9997924
0.0,0.6717476
0.0,0.9966504
1.0,0.99914706
0.0,0.9142574
1.0,0.99980766
1.0,0.99977
1.0,0.9993237
1.0,0.82889974
1.0,0.9938672
0.0,0.014446162
1.0,0.9997236
1.0,0.9985514
1.0,0.99945444
1.0,0.99827707
1.0,0.9116079
0.0,0.005580452
1.0,0.006066998
1.0,0.9125897
1.0,0.97202784
1.0,0.99560887
0.0,0.03818615
1.0,0.9998264
1.0,0.9999896
1.0,0.9999112
1.0,0.99964464
1.0,0.6206274
1.0,0.99973553
1.0,0.98357487
1.0,0.9970394
1.0,0.98284274
1.0,0.9985273
0.0,0.9880216
1.0,0.9999311
1.0,0.99975187
1.0,0.9989613
0.0,0.000216202
1.0,0.99876773
1.0,0.24927998
1.0,0.3510023
1.0,0.9997049
1.0,0.9982905
1.0,0.99886405
1.0,0.9989303
1.0,0.95615
0.0,0.0017372858
1.0,0.9997644
1.0,0.009889418
1.0,0.5193449
1.0,0.9269677
1.0,0.99985063
1.0,0.9945312
0.0,0.0046082507
1.0,0.9996055
1.0,0.99993706
1.0,0.9993587
1.0,0.99985135
1.0,0.22769688
1.0,0.999869
1.0,0.99371415
1.0,0.25529397
0.0,0.008256305
1.0,0.99872017
1.0,0.9966671
1.0,0.99847573
1.0,0.99632734
1.0,0.99994123
1.0,0.99984753
1.0,0.97666967
1.0,0.99983835
1.0,0.012176673
0.0,0.0310081
1.0,0.99904686
1.0,0.99991286
1.0,0.66825247
1.0,0.98318404
1.0,0.99957496
1.0,0.9911214
0.0,0.9910886
1.0,0.9521089
1.0,0.9990546
1.0,0.9905517
1.0,0.99963367
1.0,0.87135094
0.0,0.9084277
1.0,0.7778404
1.0,0.94808793
0.0,0.9713641
1.0,0.9954803
1.0,0.9987515
1.0,0.7398682
0.0,0.7336898
1.0,0.8407382
1.0,0.99265444
1.0,0.99743986
1.0,0.99692744
0.0,0.47615147
1.0,0.99973756
0.0,0.9955193
1.0,0.99968266
1.0,0.91390413
1.0,0.99788755
1.0,0.9841813
1.0,0.9980623
1.0,0.9417664
1.0,0.9997429
1.0,0.99897623
1.0,0.9683496
1.0,0.99985075
1.0,0.9620441
1.0,0.99919957
1.0,0.99896514
1.0,0.97386557
1.0,0.9967456
1.0,0.9984738
0.0,0.004707946
0.0,0.13548048
1.0,0.9933421
0.0,0.8580011
1.0,0.98344916
1.0,0.9988752
1.0,0.9757504
1.0,0.96083295
1.0,0.9996093
1.0,0.99960643
1.0,0.99797934
1.0,0.9993693
0.0,0.9985178
1.0,0.99981016
0.0,0.04187358
1.0,0.99931
1.0,0.9986442
1.0,0.9985285
0.0,0.85835505
1.0,0.9988243
1.0,0.99607843
1.0,0.9964799
1.0,0.9996295
1.0,0.99979824
1.0,0.99971646
1.0,0.99880123
1.0,0.99995375
1.0,0.99919707
1.0,0.9960355
1.0,0.9996525
1.0,0.99989414
1.0,0.99726105
1.0,0.9983311
1.0,0.85785806
1.0,0.99701667
0.0,0.9755359
1.0,0.98954785
1.0,0.28478274
1.0,0.95580137
1.0,0.99453545
1.0,0.9893602
1.0,0.97909784
1.0,0.9992884
1.0,0.99419075
0.0,0.00045419857
1.0,0.99908626
0.0,0.14033943
1.0,0.9833341
1.0,0.9980697
1.0,0.982078
1.0,0.97655565
1.0,0.9998684
1.0,0.99877185
1.0,0.3550078
1.0,0.9412017
1.0,0.9988771
1.0,0.9959521
1.0,0.30499458
0.0,0.9430128
0.0,0.29906
1.0,0.998061
1.0,0.99459755
0.0,0.043891344
0.0,0.022297071
0.0,0.0008191687
1.0,0.999992
1.0,0.9982779
1.0,0.941343
0.0,0.09894317
1.0,0.9925978
1.0,0.95293665
1.0,0.9793224
1.0,0.99604106
1.0,0.9821285
1.0,0.98635834
1.0,0.9994351
1.0,0.9998598
1.0,0.9993963
1.0,0.9955694
1.0,0.9993531
1.0,0.99894875
1.0,0.06866873
0.0,0.018930284
1.0,0.99510854
1.0,0.9998611
1.0,0.9993674
1.0,0.980375
1.0,0.99983585
1.0,0.9990369
1.0,0.9979347
1.0,0.9987618
1.0,0.9959304
0.0,0.025932888
1.0,0.98624086
1.0,0.64720094
1.0,0.9996321
1.0,0.971351
0.0,0.04802635
0.0,0.3174319
1.0,0.99916077
1.0,0.32700917
1.0,0.99738306
1.0,0.9997812
1.0,0.9113825
1.0,0.9995376
1.0,0.99575424
1.0,0.99960095
0.0,0.7422841
1.0,0.9994518
1.0,0.9990158
1.0,0.99596477
1.0,0.9579791
1.0,0.997889
1.0,0.99681205
1.0,0.9990652
1.0,0.99920434
1.0,0.9882812
1.0,0.99928814
1.0,0.999856
0.0,0.9919321
1.0,0.976014
0.0,0.18538113
1.0,0.99713516
1.0,0.95407116
1.0,0.995552
1.0,0.99923456
1.0,0.91721
1.0,0.9994516
1.0,0.99667144
1.0,0.060004693
1.0,0.99996495
1.0,0.99920875
1.0,0.0147215305
1.0,0.9995285
1.0,0.9702041
0.0,3.6850557e-05
1.0,0.9050542
1.0,0.99895513
1.0,0.9900501
1.0,0.9936179
1.0,0.9678228
1.0,0.9988601
1.0,0.9983139
1.0,0.99957603
0.0,0.95528513
1.0,0.9968792
1.0,0.96654075
1.0,0.9997286
1.0,0.996157
0.0,0.115663335
0.0,0.3014004
1.0,0.9965808
1.0,0.9998549
0.0,0.9862242
1.0,0.99303365
1.0,0.99913967
1.0,0.9909791
1.0,0.9987203
1.0,0.9966181
1.0,0.99826753
1.0,0.9999639
1.0,0.9997174
1.0,0.9995696
1.0,0.9653598
1.0,0.9997923
1.0,0.99506015
1.0,0.9458362
1.0,0.99651647
1.0,0.99423873
1.0,0.999418
0.0,0.1908653
1.0,0.9947003
1.0,0.9999529
1.0,0.9785407
1.0,0.9558997
1.0,0.93382573
1.0,0.974307
1.0,0.9909916
1.0,0.9989548
1.0,0.21265173
1.0,0.9946727
1.0,0.9996481
1.0,0.98153
1.0,0.9399209
1.0,0.9996793
0.0,0.024944445
1.0,0.9980902
1.0,0.99980325
1.0,0.9992448
1.0,0.99839383
1.0,0.9943562
0.0,0.015220128
1.0,0.9976058
1.0,0.9992399
1.0,0.99990857
1.0,0.99574643
1.0,0.9999535
1.0,0.9998859
1.0,0.99340785
1.0,0.724551
0.0,0.14336236
1.0,0.99869066
1.0,0.9971783
1.0,0.9928768
1.0,0.9952733
1.0,0.99978584
1.0,0.022868153
1.0,0.9786203
1.0,0.99702317
1.0,0.9876875
1.0,0.99309194
1.0,0.999863
0.0,0.917285
0.0,0.38728353
1.0,0.9944384
1.0,0.99748033
1.0,0.8922484
1.0,0.6825291
0.0,0.99673945
1.0,0.9985662
1.0,0.99405426
1.0,0.97697157
0.0,0.00094233576
1.0,0.9997688
1.0,0.9971859
1.0,0.9990915
1.0,0.9991836
1.0,0.99827623
1.0,0.99739134
1.0,0.99811006
0.0,0.04307756
1.0,0.9995722
0.0,0.003173885
1.0,0.9921164
1.0,0.00064985425
1.0,0.99985313
0.0,0.45041943
1.0,0.97448945
1.0,0.9983695
1.0,0.9985923
0.0,0.99475694
1.0,0.9595331
1.0,0.99618703
1.0,0.9998282
1.0,0.9982443
0.0,0.087537155
1.0,0.9960074
1.0,0.96495795
1.0,0.98358095
1.0,0.9918445
0.0,0.0071794097
1.0,0.99899644
1.0,0.5308361
1.0,0.99942243
1.0,0.9935768
1.0,0.99973387
1.0,0.9981608
1.0,0.9974107
0.0,0.049100153
1.0,0.9747629
0.0,0.05173717
1.0,0.999764
1.0,0.9998684
1.0,0.9999615
1.0,0.99613166
1.0,0.99957484
0.0,0.052569736
1.0,0.9989631
0.0,0.84006226
1.0,0.99771523
1.0,0.9970469
1.0,0.24155433
1.0,0.9121654
1.0,0.42097852
1.0,0.99053264
1.0,0.8367102
1.0,0.99930453
1.0,0.99981517
1.0,0.9993788
1.0,0.9998447
1.0,0.99939835
1.0,0.9996809
1.0,0.9986822
0.0,0.18738233
1.0,0.99937016
1.0,0.99126196
1.0,0.99990785
1.0,0.9978781
1.0,0.9974353
1.0,0.9995097
1.0,0.9935741
1.0,0.99874073
1.0,0.1691416
1.0,0.9986028
0.0,0.00799919
1.0,0.99416983
0.0,0.030018039
0.0,0.20729548
1.0,0.9573221
1.0,0.995421
1.0,0.998528
1.0,0.99698156
0.0,0.0011787752
0.0,0.007861198
1.0,0.99944
1.0,0.99979585
1.0,0.99991655
1.0,0.958156
1.0,0.99950504
1.0,0.9999567
1.0,0.99728763
1.0,0.9999497
1.0,0.9921726
1.0,0.99948263
1.0,0.99990904
0.0,0.27098837
0.0,0.8098235
0.0,0.8903764
1.0,0.08630407
1.0,0.9991918
1.0,0.99250084
1.0,0.99993
1.0,0.99841964
0.0,0.09234139
1.0,0.9461744
1.0,0.9890638
1.0,0.99649906
1.0,0.9572508
1.0,0.99977773
1.0,0.85897726
1.0,0.9992999
1.0,0.9968712
1.0,0.75253135
1.0,0.99978095
1.0,0.993548
1.0,0.9993685
1.0,0.99957687
1.0,0.99904007
1.0,0.999858
1.0,0.9993703
0.0,0.020005312
0.0,0.022976208
1.0,0.999328
1.0,0.9998745
0.0,0.94923025
1.0,0.9996494
1.0,0.99810374
1.0,0.9994142
1.0,0.99567974
1.0,0.9555429
1.0,0.99998593
1.0,0.99985397
1.0,0.99810046
1.0,0.9847151
1.0,0.9920359
1.0,0.9855262
1.0,0.9997178
1.0,0.99948514
1.0,0.9946571
1.0,0.99058634
1.0,0.9998847
1.0,0.9953068
0.0,0.02220716
1.0,0.99647516
1.0,0.9975925
0.0,0.00067267206
1.0,0.9994035
0.0,0.83014476
1.0,0.999398
1.0,0.999948
1.0,0.99975544
1.0,0.99880195
1.0,0.9985637
1.0,0.99837375
1.0,0.8763472
1.0,0.99643695
0.0,0.98529065
1.0,0.99871707
1.0,0.9951001
1.0,0.88655114
1.0,0.9982351
1.0,0.98259926
1.0,0.9999409
1.0,0.99688405
1.0,0.9980572
1.0,0.8053521
1.0,0.9978243
0.0,0.0028078305
0.0,0.1414934
1.0,0.9999523
0.0,0.6258399
0.0,0.016380437
1.0,0.9996544
1.0,0.9434101
1.0,0.9986803
1.0,0.9567859
1.0,0.9882839
1.0,0.9996487
1.0,0.6745505
1.0,0.99989176
1.0,0.9997825
1.0,0.9999597
1.0,0.97180545
1.0,0.98068225
1.0,0.94765466
1.0,0.9954698
1.0,0.88319117
0.0,0.045582965
1.0,0.9971643
1.0,0.9999372
1.0,0.13301274
1.0,0.99983
1.0,0.99934083
1.0,0.99873394
1.0,0.8997836
1.0,0.9989291
1.0,0.99985087
1.0,0.9997304
1.0,0.99367976
1.0,0.998064
1.0,0.98788774
1.0,0.93671834
1.0,0.99435645
0.0,0.111136995
0.0,0.008620893
1.0,0.08014775
1.0,0.99989307
1.0,0.9948704
1.0,0.99369085
0.0,0.9942472
1.0,0.9999685
1.0,0.9995308
1.0,0.99972385
1.0,0.996148
0.0,0.6313418
1.0,0.9919578
1.0,0.99353856
1.0,0.9999758
1.0,0.9913645
1.0,0.9997689
1.0,0.9961086
1.0,0.99938035
1.0,0.99966884
1.0,0.99817336
1.0,0.9319374
1.0,0.85607964
1.0,0.9988368
1.0,0.9676847
1.0,0.71383333
0.0,0.0012321767
1.0,0.99973196
1.0,0.99915254
1.0,0.99967957
1.0,0.9863099
0.0,0.869168
1.0,0.9995728
0.0,0.002285595
0.0,0.0003246766
1.0,0.99888307
1.0,0.9998085
1.0,0.99947554
1.0,0.9999163
1.0,0.99987733
1.0,0.99957055
1.0,0.9934161
1.0,0.9992428
1.0,0.99515367
1.0,0.43266976
1.0,0.98583037
1.0,0.99991596
0.0,0.036835175
0.0,0.023022756
1.0,0.99957246
0.0,0.33947864
1.0,0.97360015
1.0,0.995992
1.0,0.9874386
1.0,0.99786395
1.0,0.965149
1.0,0.9944501
1.0,0.99482524
1.0,0.99793696
1.0,0.9966601
1.0,0.9997008
1.0,0.999084
1.0,0.9984067
1.0,0.9999417
1.0,0.99924064
1.0,0.99729013
0.0,0.19891673
1.0,0.98998016
1.0,0.9988632
1.0,0.99969923
0.0,4.2496526e-05
1.0,0.99520785
1.0,0.99905425
1.0,0.93528014
1.0,0.9592392
1.0,0.9997398
1.0,0.9748405
1.0,0.9993511
1.0,0.99522746
1.0,0.9213929
1.0,0.98565894
1.0,0.99640214
1.0,0.99956757
1.0,0.87910515
1.0,0.9988476
1.0,0.9967553
1.0,0.9958332
1.0,0.02395621
1.0,0.9390522
1.0,0.99989736
1.0,0.9991904
0.0,0.62119955
1.0,0.9747626
1.0,0.94879264
1.0,0.99945277
1.0,0.9998971
1.0,0.9821638
0.0,0.0033362745
1.0,0.9997396
0.0,0.12337409
1.0,0.9974069
1.0,0.99969923
1.0,0.91655153
1.0,0.9959078
1.0,0.99935406
0.0,0.00075129815
1.0,0.99655116
1.0,0.99944276
1.0,0.99988925
0.0,0.022878746
1.0,0.9796116
1.0,0.99989855
1.0,0.99894255
1.0,0.9988501
1.0,0.44876918
1.0,0.99959296
1.0,0.99529666
0.0,0.039144453
1.0,0.28023753
0.0,0.86513895
1.0,0.98867947
1.0,0.99943763
1.0,0.99747247
1.0,0.9990632
1.0,0.99986124
1.0,0.9979334
1.0,0.99579924
0.0,0.0033887862
1.0,0.58088374
1.0,0.9977679
1.0,0.99964464
1.0,0.9998977
1.0,0.95483476
1.0,0.7180159
0.0,0.008881263
1.0,0.92144614
1.0,0.99766433
1.0,0.98000187
1.0,0.9980818
1.0,0.50023246
1.0,0.9998939
1.0,0.99287415
1.0,0.9986966
1.0,0.09125345
0.0,0.014526121
1.0,0.9997279
1.0,0.99722606
1.0,0.99986947
1.0,0.99446857
0.0,0.10737439
0.0,0.04910784
1.0,0.9999149
1.0,0.99699676
0.0,0.9907698
0.0,0.016956473
1.0,0.9986994
1.0,0.9998229
1.0,0.9841525
1.0,0.99951804
1.0,0.99977356
1.0,0.9950315
1.0,0.90757376
1.0,0.99857354
1.0,0.9990527
1.0,0.99595684
1.0,0.99702257
1.0,0.9997713
1.0,0.99968636
1.0,0.99914503
1.0,0.99946326
1.0,0.95359844
1.0,0.9996137
1.0,0.9737879
1.0,0.99398226
1.0,0.9991009
0.0,0.00022191454
0.0,0.0044467305
1.0,0.99933606
1.0,0.926491
1.0,0.99776506
1.0,0.17494804
1.0,0.9789342
1.0,0.9998398
1.0,0.9880437
1.0,0.9994947
1.0,0.9998621
1.0,0.9996619
1.0,0.99787366
1.0,0.9997596
1.0,0.99962366
0.0,0.61108065
1.0,0.9981951
1.0,0.99567324
1.0,0.95478487
1.0,0.99003357
1.0,0.9820547
0.0,0.0008145351
1.0,0.998423
1.0,0.99972564
1.0,0.9993686
1.0,0.99997115
1.0,0.9829413
0.0,0.023647593
1.0,0.9999014
1.0,0.980055
1.0,0.9992322
1.0,0.98087597
1.0,0.9956898
1.0,0.99928766
1.0,0.99808264
1.0,0.8225185
1.0,0.9993376
0.0,0.41168755
0.0,0.44907784
1.0,0.99963224
1.0,0.991714
1.0,0.99542326
1.0,0.9995689
1.0,0.9999546
1.0,0.9985122
1.0,0.995363
0.0,0.34350193
1.0,0.97525644
1.0,0.9456595
1.0,0.9922848
1.0,0.9992716
0.0,0.984634
1.0,0.9943784
1.0,0.90021753
1.0,0.988724
1.0,0.9978132
1.0,0.999824
1.0,0.9990095
1.0,0.9999062
1.0,0.9794064
1.0,0.99849486
1.0,0.9999342
1.0,0.9485933
1.0,0.9997458
0.0,0.7740478
1.0,0.9947148
0.0,0.0052139587
1.0,0.9999597
1.0,0.99612206
1.0,0.9999386
1.0,0.9532224
0.0,0.010153744
1.0,0.99901104
0.0,0.0026394275
1.0,0.9993006
0.0,0.3301546
1.0,0.9960627
1.0,0.9729375
1.0,0.99974436
1.0,0.9778115
1.0,0.23253435
1.0,0.99806327
1.0,0.99981624
1.0,0.9989942
1.0,0.326267
1.0,0.99843067
0.0,0.017277969
1.0,0.9974904
1.0,0.99150616
1.0,0.996418
0.0,0.00086708035
1.0,0.9997025
1.0,0.9969393
1.0,0.9999007
1.0,0.9943263
1.0,0.9989262
0.0,0.33321866
1.0,0.993505
1.0,0.99925226
1.0,0.99980515
1.0,0.6639817
1.0,0.99975115
1.0,0.9997718
0.0,0.79432935
1.0,0.9246024
1.0,0.98693246
0.0,0.14665678
1.0,0.9978362
1.0,0.9923314
1.0,0.9998242
1.0,0.9999659
1.0,0.99961144
0.0,0.99362236
1.0,0.97201
1.0,0.83218205
1.0,0.9829627
1.0,0.99876946
1.0,0.9986076
0.0,0.9824256
1.0,0.9996605
1.0,0.99986255
1.0,0.9768009
1.0,0.9998578
1.0,0.99830353
1.0,0.9997216
1.0,0.996834
1.0,0.9908336
1.0,0.9994473
1.0,0.9994168
1.0,0.9995049
1.0,0.99753296
1.0,0.9993857
1.0,0.9991997
1.0,0.99990106
1.0,0.9955325
1.0,0.9998511
1.0,0.9786356
1.0,0.71424115
1.0,0.31713143
1.0,0.9729206
1.0,0.9984225
1.0,0.9499397
1.0,0.9269308
1.0,0.9994604
1.0,0.9993401
1.0,0.98579204
1.0,0.9997522
0.0,0.003354204
1.0,0.99795353
1.0,0.9999534
0.0,0.048788875
0.0,0.09244814
1.0,0.99912995
1.0,0.9998673
1.0,0.9969399
1.0,0.9985667
1.0,0.9837699
1.0,0.9997298
1.0,0.9966259
1.0,0.99941826
1.0,0.9994937
1.0,0.14176697
1.0,0.88756216
1.0,0.99191767
0.0,0.043789558
1.0,0.982983
1.0,0.9545908
1.0,0.99922884
1.0,0.90819585
0.0,0.00049405836
1.0,0.97545743
1.0,0.9856495
1.0,0.9853758
1.0,0.99994266
1.0,0.9950937
1.0,0.99904805
1.0,0.9997973
0.0,0.258756
1.0,0.9988211
1.0,0.9978529
0.0,0.03332909
1.0,0.99961615
1.0,0.99867755
0.0,0.00071146525
1.0,0.036081456
1.0,0.96810526
1.0,0.99863654
1.0,0.9984426
1.0,0.98284596
0.0,0.10239445
1.0,0.649158
1.0,0.28642982
1.0,0.9975326
1.0,0.9991685
1.0,0.997766
1.0,0.920833
0.0,0.16089943
1.0,0.99900997
1.0,0.99977654
0.0,0.0028672758
1.0,0.9998447
1.0,0.99979955
1.0,0.99830186
1.0,0.9978205
1.0,0.99984
0.0,0.8310081
1.0,0.9959632
1.0,0.9178633
0.0,0.021271655
0.0,0.013721107
1.0,0.5102806
1.0,0.9986181
1.0,0.9347759
0.0,0.010991953
1.0,0.99984634
1.0,0.9993254
1.0,0.99965775
0.0,0.60662764
1.0,0.991293
1.0,0.999356
1.0,0.99896336
1.0,0.99115086
1.0,0.9997551
1.0,0.99952316
1.0,0.99950135
1.0,0.9529649
0.0,0.03652036
1.0,0.9639121
1.0,0.99749434
1.0,0.1458273
1.0,0.9933996
1.0,0.9988084
1.0,0.013697361
1.0,0.9996234
1.0,0.9980842
1.0,0.99480766
1.0,0.9971512
0.0,0.54439825
1.0,0.99997485
1.0,0.996626
1.0,0.9988882
0.0,0.9868334
0.0,0.024401315
1.0,0.9976108
0.0,0.37161863
0.0,0.9624101
1.0,0.9967615
1.0,0.76347387
1.0,0.9960575
1.0,0.9978897
1.0,0.99796706
1.0,0.9996815
0.0,0.011921957
1.0,0.9938969
0.0,0.48563644
1.0,0.9984528
0.0,0.11925033
1.0,0.9994161
0.0,0.99235123
1.0,0.99948186
1.0,0.99947757
1.0,0.9999752
1.0,0.998928
1.0,0.99990666
1.0,0.99998856
1.0,0.9286123
0.0,0.18385449
1.0,0.9994684
1.0,0.9982607
1.0,0.9987295
0.0,0.017937023
1.0,0.99696094
1.0,0.9906218
0.0,0.9566567
0.0,0.0054780142
1.0,0.98548293
1.0,0.99874985
0.0,0.42216367
1.0,0.99995494
1.0,0.9915087
0.0,0.0010924673
1.0,0.9986198
0.0,0.0803192
1.0,0.9911221
0.0,0.26124084
1.0,0.9989441
1.0,0.999848
1.0,0.9995907
1.0,0.9962819
1.0,0.9946045
1.0,0.9889171
1.0,0.9999143
0.0,0.53256816
0.0,0.7765694
1.0,0.99760985
1.0,0.9395634
1.0,0.9900506
0.0,0.00021927139
1.0,0.98870486
1.0,0.09250128
1.0,0.9993511
1.0,0.99801767
0.0,0.7783636
1.0,0.99961686
1.0,0.9832924
0.0,0.006110346
1.0,0.9968732
1.0,0.99944025
1.0,0.9969778
1.0,0.9974644
1.0,0.9849989
1.0,0.9997607
0.0,0.2239017
1.0,0.98032904
1.0,0.9958539
1.0,0.9990429
1.0,0.9991654
1.0,0.99937516
0.0,0.0011048834
1.0,0.9720961
0.0,0.025273295
1.0,0.9941847
1.0,0.9988393
1.0,0.9770618
0.0,0.0001358077
1.0,0.9994173
1.0,0.9998349
0.0,0.9396716
1.0,0.99948007
1.0,0.9642525
1.0,0.99957484
1.0,0.9571832
1.0,0.9997036
0.0,0.030436525
1.0,0.9986621
1.0,0.9876529
1.0,0.9991749
1.0,0.99961627
1.0,0.99987304
1.0,0.99920624
1.0,0.99719894
1.0,0.9963128
1.0,0.93462145
1.0,0.9994423
1.0,0.99962234
1.0,0.99900764
1.0,0.99760497
1.0,0.994586
1.0,0.99740916
1.0,0.99401736
1.0,0.9778547
1.0,0.9986467
0.0,0.005625297
1.0,0.9996152
0.0,0.9996487
1.0,0.9820446
1.0,0.99239093
1.0,0.99964595
0.0,0.8974813
1.0,0.98996675
1.0,0.9999498
1.0,0.9984896
1.0,0.98854965
1.0,0.99997246
0.0,0.96918297
1.0,0.99979275
1.0,0.9941596
1.0,0.9998416
0.0,0.8868519
1.0,0.9999113
1.0,0.9994425
1.0,0.9969066
1.0,0.96957064
1.0,0.9910074
1.0,0.9998604
1.0,0.9986753
1.0,0.883965
1.0,0.99981004
1.0,0.82958597
1.0,0.9986808
1.0,0.9495835
1.0,0.99763703
1.0,0.99826235
1.0,0.9949038
1.0,0.994251
1.0,0.9986646
1.0,0.31374547
1.0,0.99846673
1.0,0.99878114
1.0,0.99961215
1.0,0.99984944
1.0,0.9993278
1.0,0.99906915
1.0,0.98617744
1.0,0.9921634
1.0,0.9991289
1.0,0.99967813
0.0,0.06724629
1.0,0.99887735
1.0,0.9995309
1.0,0.99592257
1.0,0.9997832
0.0,0.11922676
0.0,0.046405345
1.0,0.9998192
1.0,0.99893004
1.0,0.98555124
1.0,0.99993026
1.0,0.99431723
1.0,0.94422984
1.0,0.9488969
1.0,0.986666
1.0,0.9998024
1.0,0.9998454
1.0,0.96312314
1.0,0.9999597
1.0,0.99909055
1.0,0.98582107
1.0,0.99476284
1.0,0.96252847
1.0,0.9990048
1.0,0.9935828
1.0,0.99905986
1.0,0.99678195
1.0,0.99825627
1.0,0.99847454
1.0,0.99966705
1.0,0.99819404
1.0,0.998825
1.0,0.99959546
1.0,0.99790597
1.0,0.9967332
1.0,0.9991019
1.0,0.9991522
1.0,0.99745995
1.0,0.99900275
1.0,0.9926722
1.0,0.9975001
1.0,0.998348
1.0,0.9846191
1.0,0.9946261
1.0,0.9996581
1.0,0.27983508
1.0,0.99559975
1.0,0.9986817
1.0,0.99508554
1.0,0.9988856
1.0,0.9710162
1.0,0.99691415
1.0,0.99132866
1.0,0.9997043
1.0,0.9749425
0.0,0.62983733
1.0,0.9990722
1.0,0.9919653
1.0,0.97827977
0.0,0.77291095
1.0,0.99972814
1.0,0.9999404
0.0,0.018884033
1.0,0.9981293
1.0,0.9865802
1.0,0.9927406
0.0,0.20442629
1.0,0.996064
1.0,0.8688197
0.0,0.93535817
1.0,0.99989045
0.0,0.14967912
1.0,0.9986676
1.0,0.9844014
0.0,0.00088863936
1.0,0.9991116
1.0,0.9998017
1.0,0.9993925
1.0,0.5954073
1.0,0.999148
1.0,0.9979705
1.0,0.9952567
1.0,0.99995375
1.0,0.997558
1.0,0.95310223
1.0,0.86641794
1.0,0.9682397
1.0,0.99976915
1.0,0.9993042
1.0,0.996007
1.0,0.99299884
1.0,0.9995185
1.0,0.9848492
0.0,0.025958583
1.0,0.99937016
0.0,0.1288231
1.0,0.9819795
1.0,0.9976285
1.0,0.99522865
1.0,0.99835914
1.0,0.99955124
1.0,0.9998989
1.0,0.9988858
1.0,0.99986994
1.0,0.9999559
1.0,0.99916506
1.0,0.9950138
1.0,0.9994814
1.0,0.9973725
1.0,0.99969566
0.0,0.0008770415
1.0,0.5837097
1.0,0.96551025
1.0,0.99821234
1.0,0.99965656
1.0,0.99569654
1.0,0.99985373
1.0,0.9999417
1.0,0.999892
1.0,0.9957176
1.0,0.9995912
1.0,0.6069546
1.0,0.99705553
1.0,0.99746454
1.0,0.9996093
1.0,0.9998758
1.0,0.99993527
1.0,0.9994773
1.0,0.9978811
1.0,0.99189854
1.0,0.9991862
1.0,0.9761202
1.0,0.94680905
1.0,0.999858
1.0,0.98328304
1.0,0.9996859
1.0,0.98672014
1.0,0.9978648
1.0,0.97516704
1.0,0.9795537
1.0,0.99995625
1.0,0.9999684
1.0,0.9970196
1.0,0.9992015
1.0,0.99789536
1.0,0.99994326
1.0,0.98176837
1.0,0.9941023
1.0,0.9952246
1.0,0.99944
1.0,0.99944526
1.0,0.9740718
1.0,0.99984384
1.0,0.99468946
0.0,1.657757e-05
1.0,0.9993206
1.0,0.46604407
1.0,0.9992323
0.0,0.7628743
1.0,0.9862846
1.0,0.029445916
1.0,0.99991286
1.0,0.9995975
1.0,0.99991095
1.0,0.9977584
1.0,0.98431116
1.0,0.9998149
1.0,0.99978334
1.0,0.9890743
0.0,0.96177906
1.0,0.9994068
1.0,0.99015766
1.0,0.9999199
1.0,0.996536
0.0,0.09247428
0.0,0.01973989
1.0,0.9987532
1.0,0.9855843
1.0,0.99915254
1.0,0.9973521
1.0,0.9696872
0.0,0.9013616
0.0,0.7214116
1.0,0.9946591
1.0,0.99542326
1.0,0.9956383
1.0,0.9979455
1.0,0.9754321
1.0,0.9987208
1.0,0.99740136
1.0,0.99175924
1.0,0.99651587
0.0,0.38510764
1.0,0.99983823
1.0,0.9835967
1.0,0.9028198
1.0,0.9988526
1.0,0.99177706
1.0,0.9990544
1.0,0.9998586
1.0,0.9705277
1.0,0.99981326
1.0,0.99762255
1.0,0.99894196
1.0,0.9683625
1.0,0.99990356
0.0,0.73708165
1.0,0.99990726
1.0,0.9940639
1.0,0.9992624
0.0,0.10266581
1.0,0.99571407
1.0,0.99996436
1.0,0.9999863
1.0,0.14439952
1.0,0.99597174
0.0,0.8167011
1.0,0.9991047
1.0,0.9996184
1.0,0.95899355
1.0,0.9999074
1.0,0.99932885
1.0,0.9960658
1.0,0.79363906
1.0,0.9974179
0.0,0.0005378377
0.0,0.0007144296
0.0,0.040595442
1.0,0.9986559
1.0,0.9991605
1.0,0.99754566
0.0,0.0007373253
1.0,0.99379796
0.0,0.0093649095
1.0,0.97872293
1.0,0.9978052
1.0,0.9992724
1.0,0.9994301
1.0,0.99935216
1.0,0.999469
1.0,0.99484915
1.0,0.99952745
1.0,0.99994254
1.0,0.04931491
0.0,0.0004812629
1.0,0.9986689
1.0,0.9996619
1.0,0.004871151
1.0,0.99930036
1.0,0.99953306
0.0,0.008254431
1.0,0.97860056
1.0,0.99972385
1.0,0.9992586
1.0,0.99683577
1.0,0.998803
1.0,0.99870074
1.0,0.90071875
1.0,0.9993767
1.0,0.9963856
1.0,0.7265501
1.0,0.9976756
1.0,0.9967199
1.0,0.43907773
1.0,0.99946815
1.0,0.9925666
1.0,0.99816567
1.0,0.99220806
1.0,0.99275136
1.0,0.99426913
0.0,0.7786636
1.0,0.9980404
1.0,0.9990465
1.0,0.9995747
1.0,0.9980823
1.0,0.9997671
1.0,0.9788223
1.0,0.9993117
0.0,0.0018084612
1.0,0.9993783
1.0,0.99934834
1.0,0.9965412
1.0,0.99275315
0.0,0.031417795
1.0,0.9997472
1.0,0.99996936
1.0,0.8124384
0.0,0.032903444
1.0,0.9995839
1.0,0.9982229
0.0,0.010570858
0.0,0.9693447
1.0,0.9997316
1.0,0.9979241
1.0,0.99539965
0.0,0.00068794854
1.0,0.98455286
1.0,0.4649084
1.0,0.9999027
1.0,0.99994564
0.0,0.7342625
1.0,0.9991208
1.0,0.9932527
1.0,0.9989454
1.0,0.998434
1.0,0.99972135
1.0,0.9996575
1.0,0.9968177
1.0,0.9977361
1.0,0.9989241
0.0,0.99712306
1.0,0.9990677
1.0,0.99993825
1.0,0.9996524
0.0,0.1890556
1.0,0.99565387
0.0,0.0032850695
1.0,0.9396159
0.0,0.17012101
1.0,0.9983991
1.0,0.9960543
1.0,0.59479755
0.0,0.8996356
1.0,0.99920136
1.0,0.99860543
1.0,0.99942565
0.0,0.549334
1.0,0.9894684
1.0,0.99068975
1.0,0.17238337
1.0,0.99986935
1.0,0.9843722
0.0,0.964519
1.0,0.9979588
1.0,0.9995189
1.0,0.9976592
1.0,0.9994267
1.0,0.99915075
1.0,0.866909
1.0,0.9988501
0.0,0.039827924
1.0,0.8957712
0.0,0.93898916
1.0,0.7960862
1.0,0.9972606
0.0,0.97901535
1.0,0.99117506
0.0,0.9898336
1.0,0.9999864
1.0,0.9993241
1.0,0.9158325
1.0,0.9993024
1.0,0.9994228
0.0,0.9647849
1.0,0.98568696
0.0,0.004215202
1.0,0.9998517
1.0,0.9941326
1.0,0.9996922
1.0,0.99759704
1.0,0.9943474
0.0,0.8576257
1.0,0.9987459
1.0,0.10370795
1.0,0.9947286
1.0,0.99978644
1.0,0.9987968
0.0,0.69955784
0.0,0.0068868324
1.0,0.9999542
1.0,0.8289472
1.0,0.9988959
1.0,0.9839892
1.0,0.999084
1.0,0.9996344
1.0,0.9984738
1.0,0.9910624
1.0,0.999928
1.0,0.99824643
1.0,0.9982133
1.0,0.9976737
1.0,0.9202258
1.0,0.995381
1.0,0.9996321
1.0,0.9940078
1.0,0.9930774
1.0,0.9995567
1.0,0.7039018
1.0,0.99614465
1.0,0.9995048
1.0,0.99965525
1.0,0.9999018
1.0,0.8305505
1.0,0.9998728
1.0,0.99949086
1.0,0.97693163
1.0,0.99659294
0.0,0.008755745
0.0,0.35396278
1.0,0.9967133
1.0,0.99844223
1.0,0.9739196
1.0,0.9974706
1.0,0.9977882
1.0,0.9966427
1.0,0.9233946
0.0,0.41262683
1.0,0.99826306
1.0,0.9998658
1.0,0.99941444
1.0,0.9997458
0.0,0.0028096493
1.0,0.97117966
1.0,0.9927781
1.0,0.9980241
1.0,0.97673595
1.0,0.9998654
1.0,0.9934727
1.0,0.9938699
1.0,0.9991616
1.0,0.98914903
1.0,0.9786011
1.0,0.99953747
1.0,0.9995912
0.0,0.05487178
0.0,0.9209072
1.0,0.9998412
1.0,0.9996464
1.0,0.999895
1.0,0.9993266
1.0,0.99836165
1.0,0.9984445
0.0,0.9964026
0.0,0.96804506
1.0,0.9999168
1.0,0.99898595
0.0,0.19841377
1.0,0.9972146
1.0,0.9996997
1.0,0.90685034
1.0,0.99818283
1.0,0.9997987
0.0,0.9940375
1.0,0.99795
1.0,0.89403784
1.0,0.99919707
1.0,0.96233326
1.0,0.99846363
1.0,0.9990219
1.0,0.9964824
1.0,0.9998318
0.0,0.9204413
1.0,0.9991678
1.0,0.9994215
1.0,0.99984944
1.0,0.9902874
1.0,0.9953376
0.0,0.06677789
1.0,0.99812573
1.0,0.8224202
1.0,0.66315883
1.0,0.99735034
1.0,0.9962763
0.0,0.019124899
1.0,0.99931943
1.0,0.99644226
1.0,0.99982363
1.0,0.99980587
0.0,0.028718375
1.0,0.9996505
1.0,0.99932075
1.0,0.15383324
1.0,0.9832549
0.0,0.15958916
1.0,0.9666246
1.0,0.9987679
1.0,0.999918
1.0,0.9966593
1.0,0.99273646
1.0,0.99978596
1.0,0.9995968
1.0,0.9989555
1.0,0.99799323
1.0,0.99226344
1.0,0.9863941
1.0,0.9787183
0.0,0.00028065266
1.0,0.8845575
1.0,0.9933717
1.0,0.99936813
0.0,0.8013813
1.0,0.99997354
1.0,0.9997234
1.0,0.95592064
1.0,0.99780804
1.0,0.9999509
1.0,0.639741
0.0,0.0073265987
1.0,0.9998485
0.0,0.99928844
1.0,0.99997187
1.0,0.9997968
1.0,0.9992343
1.0,0.99623775
1.0,0.9951475
0.0,0.09995405
1.0,0.99930227
0.0,0.41435358
1.0,0.9992085
1.0,0.9958407
1.0,0.98829913
1.0,0.9996147
1.0,0.9976566
0.0,0.75637096
1.0,0.9999031
1.0,0.9987915
0.0,0.99582136
1.0,0.99281937
1.0,0.9977291
1.0,0.99508554
1.0,0.99996924
1.0,0.9996395
1.0,0.99989986
1.0,0.9992842
1.0,0.9993318
1.0,0.99963164
1.0,0.7923156
1.0,0.27040216
1.0,0.9996326
1.0,0.9838178
1.0,0.99989295
1.0,0.9948664
0.0,0.04775498
1.0,0.9994043
0.0,0.94594127
1.0,0.9992372
1.0,0.9938983
1.0,0.997721
1.0,0.9985405
1.0,0.9978302
1.0,0.99370134
1.0,0.998541
1.0,0.9934418
0.0,0.9793473
1.0,0.26395944
1.0,0.981908
1.0,0.9937017
1.0,0.9996351
1.0,0.99988675
0.0,0.018765986
1.0,0.98634434
0.0,0.9780508
1.0,0.9986444
1.0,0.9996284
1.0,0.999276
1.0,0.9969283
0.0,0.9959579
0.0,0.8642239
1.0,0.99942553
1.0,0.9949556
1.0,0.8584208
1.0,0.99906844
1.0,0.9684172
1.0,0.99248743
1.0,0.99657637
1.0,0.99784553
1.0,0.99952364
1.0,0.9997464
1.0,0.9999223
1.0,0.9971283
1.0,0.9625
1.0,0.9996836
1.0,0.94735825
1.0,0.99479914
1.0,0.99974376
0.0,0.23812948
1.0,0.8422605
0.0,0.0033198094
1.0,0.42624372
1.0,0.73172
1.0,0.97706956
1.0,0.999655
1.0,0.7177147
1.0,0.99908423
1.0,0.9937948
1.0,0.96752566
1.0,0.6876962
1.0,0.99941945
1.0,0.9868635
1.0,0.99933136
1.0,0.9990553
1.0,0.7500909
1.0,0.9941129
0.0,0.00770083
1.0,0.6997792
1.0,0.93051714
1.0,0.9997093
1.0,0.9997434
1.0,0.99895847
1.0,0.9999255
1.0,0.9992023
0.0,0.040405177
1.0,0.998869
1.0,0.9992908
1.0,0.99986506
1.0,0.99884975
1.0,0.9842397
0.0,0.030358206
1.0,0.998408
1.0,0.99973196
1.0,0.9998877
1.0,0.99892706
1.0,0.97992814
1.0,0.92592376
1.0,0.99909997
0.0,0.34545317
1.0,0.98946136
1.0,0.96552694
1.0,0.99998903
1.0,0.9996294
1.0,0.995612
0.0,0.9847781
1.0,0.98364115
1.0,0.99987435
0.0,0.63030165
1.0,0.9999125
1.0,0.99951553
1.0,0.81151426
1.0,0.99785453
1.0,0.9988237
1.0,0.99842453
1.0,0.99896216
1.0,0.9989784
1.0,0.99845195
1.0,0.99937624
0.0,0.09803329
1.0,0.9981285
1.0,0.9997528
0.0,0.6099343
1.0,0.19283757
1.0,0.9998404
1.0,0.90737563
0.0,0.9917618
1.0,0.9994306
1.0,0.8124499
1.0,0.98332596
0.0,0.031815886
1.0,0.9955375
1.0,0.99917656
1.0,0.98462546
1.0,0.19875021
1.0,0.9963247
1.0,0.6721473
1.0,0.9997286
0.0,0.29245803
1.0,0.99468565
0.0,0.05775234
1.0,0.99770916
1.0,0.99421954
1.0,0.99035585
1.0,0.99947935
1.0,0.93503493
1.0,0.9904633
1.0,0.99897814
0.0,0.9299789
1.0,0.9999559
1.0,0.9890723
1.0,0.9992557
1.0,0.9993463
1.0,0.93572825
1.0,0.31054386
1.0,0.9982803
1.0,0.88543254
1.0,0.99437803
1.0,0.9988832
0.0,0.022680178
0.0,0.8383132
1.0,0.98827887
1.0,0.9998331
1.0,0.8093869
1.0,0.99880993
1.0,0.99959284
0.0,0.007068827
1.0,0.9981515
1.0,0.9944007
0.0,0.041263413
1.0,0.99874616
1.0,0.99994206
1.0,0.9978891
1.0,0.98590475
1.0,0.99608034
1.0,0.98570025
1.0,0.10465976
1.0,0.99873155
1.0,0.997741
1.0,0.60111403
1.0,0.9925823
1.0,0.99925214
1.0,0.99909127
1.0,0.9072671
1.0,0.99931943
1.0,0.20323293
1.0,0.9993692
1.0,0.9989483
1.0,0.9859006
1.0,0.9996111
1.0,0.9988532
1.0,0.9995617
1.0,0.9772127
1.0,0.9981135
1.0,0.99860376
1.0,0.99829227
1.0,0.99851066
1.0,0.9999099
1.0,0.99924016
0.0,0.82318115
0.0,0.83097017
1.0,0.99914074
1.0,0.99871624
1.0,0.9982002
0.0,0.993432
1.0,0.998809
1.0,0.998073
1.0,0.99959177
1.0,0.9981768
1.0,0.9063175
1.0,0.9990883
1.0,0.9968268
1.0,0.9547689
1.0,0.99875665
1.0,0.99859434
0.0,0.50755453
1.0,0.9976083
1.0,0.99965024
1.0,0.9998958
1.0,0.7459007
1.0,0.9998412
1.0,0.999252
1.0,0.9981483
1.0,0.9989202
1.0,0.99990153
1.0,0.99957126
1.0,0.99965096
1.0,0.99729496
1.0,0.999813
1.0,0.9997373
0.0,0.37192586
1.0,0.99723476
1.0,0.9993911
1.0,0.99981683
1.0,0.99720436
1.0,0.9669552
1.0,0.993382
1.0,0.99306935
1.0,0.9967679
1.0,0.99936384
1.0,0.99929106
1.0,0.9987024
1.0,0.92680955
0.0,0.00036564455
1.0,0.99984455
1.0,0.9994116
1.0,0.998779
1.0,0.99568295
1.0,0.999736
1.0,0.99278224
1.0,0.9996983
1.0,0.986395
1.0,0.99907815
1.0,0.9967892
1.0,0.9552995
1.0,0.05776655
1.0,0.98046404
1.0,0.99933845
0.0,0.09739339
1.0,0.99892163
0.0,0.23166555
1.0,0.9989856
0.0,0.047638435
1.0,0.9993199
1.0,0.9882061
1.0,0.99969196
1.0,0.9975369
0.0,0.048779164
1.0,0.986791
1.0,0.3573037
0.0,0.08764973
1.0,0.99934334
1.0,0.9875542
0.0,0.22697772
1.0,0.9980307
1.0,0.99889874
1.0,0.9970112
1.0,0.9999472
1.0,0.9830361
1.0,0.99952173
1.0,0.91466945
0.0,0.90078944
1.0,0.9722754
1.0,0.98661566
1.0,0.9985763
1.0,0.99944717
1.0,0.998353
0.0,0.06347794
0.0,0.73331946
1.0,0.9995122
1.0,0.9926212
1.0,0.93115854
0.0,0.12280401
0.0,0.0016051
1.0,0.9630599
0.0,0.039536815
1.0,0.99831235
1.0,0.9996203
0.0,0.2925582
1.0,0.46451277
1.0,0.9993199
1.0,0.9999454
1.0,0.9793777
0.0,0.016698096
1.0,0.99560213
0.0,0.8185312
1.0,0.8655836
1.0,0.99927133
0.0,0.12536453
1.0,0.99947256
0.0,0.4054781
1.0,0.9999535
1.0,0.9942168
1.0,0.9360108
1.0,0.9046308
0.0,0.7913404
1.0,0.23282577
1.0,0.804438
1.0,0.9993297
1.0,0.99771655
1.0,0.976528
0.0,0.015758041
1.0,0.9978504
1.0,0.9998266
1.0,0.9994029
1.0,0.8280139
0.0,0.22846918
0.0,0.812804
1.0,0.9954299
1.0,0.99904937
1.0,0.99848217
1.0,0.9999435
1.0,0.9993831
1.0,0.997447
0.0,0.9980648
1.0,0.99989474
1.0,0.9995938
0.0,0.017994048
0.0,0.85043246
1.0,0.9977254
0.0,0.02806163
1.0,0.9942806
1.0,0.015280136
1.0,0.99846077
1.0,0.9914625
0.0,0.90431786
1.0,0.99989974
1.0,0.8697389
0.0,0.09274857
1.0,0.99756587
1.0,0.9996778
1.0,0.9989189
1.0,0.96453553
1.0,0.99228436
1.0,0.98200744
1.0,0.20087016
0.0,0.63849825
0.0,0.15373246
1.0,0.9791853
1.0,0.99901783
0.0,0.9973699
1.0,0.9974552
1.0,0.9470637
1.0,0.9987196
1.0,0.99680626
1.0,0.99697495
0.0,0.000121349185
0.0,0.01193675
1.0,0.9664727
1.0,0.71899587
1.0,0.9976787
0.0,0.058632478
1.0,0.99489754
1.0,0.9173268
1.0,0.9326204
1.0,0.079254724
1.0,0.9991615
1.0,0.99941134
0.0,0.99433607
1.0,0.9592871
1.0,0.978922
1.0,0.9741838
1.0,0.98600626
1.0,0.99271554
1.0,0.99994886
0.0,0.99750817
1.0,0.99900407
1.0,0.9729015
1.0,0.9976471
1.0,0.9997539
1.0,0.9999064
1.0,0.9995484
1.0,0.99958736
1.0,0.9991184
0.0,0.16421014
0.0,0.00011587293
1.0,0.9360669
1.0,0.9935742
1.0,0.99783653
1.0,0.12355833
1.0,0.9856302
0.0,0.03989377
1.0,0.99511343
1.0,0.99946374
1.0,0.99969316
1.0,0.99620503
1.0,0.96783173
1.0,0.99971026
1.0,0.99140924
1.0,0.9988042
0.0,0.32888368
1.0,0.9741313
0.0,0.0055719935
1.0,0.7570972
1.0,0.9993211
1.0,0.9986658
0.0,0.0002755162
1.0,0.99670726
1.0,0.99969435
0.0,0.0049691037
0.0,0.99795014
0.0,0.06151167
1.0,0.9961533
1.0,0.99938035
1.0,0.9999839
1.0,0.99995804
1.0,0.9697009
1.0,0.9969753
1.0,0.9991234
1.0,0.99945277
1.0,0.99686545
1.0,0.9995415
1.0,0.99899954
1.0,0.958104
1.0,0.6363116
1.0,0.75784063
1.0,0.62488186
0.0,0.49059147
1.0,0.998869
1.0,0.99902225
1.0,0.999595
1.0,0.99528414
0.0,0.02350485
1.0,0.9999248
0.0,0.04993148
1.0,0.99693465
1.0,0.9990809
0.0,0.009270732
0.0,0.0015419533
0.0,0.5206978
1.0,0.99765587
1.0,0.99961144
1.0,0.007595453
1.0,0.9896069
0.0,0.024076672
1.0,0.9998104
1.0,0.9999565
0.0,0.99606484
1.0,0.9702939
1.0,0.99969864
1.0,0.9919545
1.0,0.99939764
1.0,0.9996747
1.0,0.9414097
1.0,0.9998708
1.0,0.9997485
1.0,0.98060715
0.0,0.010407229
1.0,0.99757165
0.0,0.67111677
1.0,0.9995925
1.0,0.99995124
0.0,0.029970346
1.0,0.9988996
1.0,0.99472946
1.0,0.9964641
1.0,0.99929905
0.0,0.099788815
1.0,0.9998888
0.0,0.11746889
1.0,0.9993975
1.0,0.9974349
1.0,0.976046
1.0,0.99919003
1.0,0.9744046
1.0,0.9730569
1.0,0.9973254
1.0,0.9997619
1.0,0.9918727
1.0,0.99701774
1.0,0.9932025
0.0,0.007456009
1.0,0.99161935
1.0,0.9978278
1.0,0.99638605
1.0,0.9983059
1.0,0.9997725
1.0,0.76545084
1.0,0.84526944
1.0,0.9967694
1.0,0.99955684
1.0,0.99675083
1.0,0.99828196
1.0,0.9991429
1.0,0.9999573
1.0,0.99992144
0.0,0.56562716
1.0,0.9963911
0.0,0.00023829576
1.0,0.9993703
1.0,0.9996996
1.0,0.9770443
1.0,0.98940533
1.0,0.9974517
1.0,0.99825937
1.0,0.9980388
1.0,0.98761475
0.0,0.026747
1.0,0.9997657
1.0,0.999721
1.0,0.9835322
1.0,0.9958483
1.0,0.9545263
0.0,0.3262389
1.0,0.9986563
1.0,0.050211627
1.0,0.9993187
1.0,0.99561214
1.0,0.9999727
1.0,0.99436945
1.0,0.99925977
0.0,0.0085078385
0.0,0.9751694
1.0,0.95002234
1.0,0.9980179
1.0,0.9040068
0.0,0.983373
1.0,0.8173534
1.0,0.99498206
1.0,0.9979724
1.0,0.5291934
1.0,0.9997185
1.0,0.9989254
1.0,0.99993443
1.0,0.6372086
1.0,0.9995433
1.0,0.99946266
0.0,0.004959303
0.0,0.07591178
1.0,0.9998802
1.0,0.9905838
1.0,0.96493053
1.0,0.99411786
1.0,0.9897026
1.0,0.9971915
1.0,0.9998115
1.0,0.9988181
1.0,0.98200315
1.0,0.9999275
1.0,0.99996245
1.0,0.99887234
1.0,0.9228483
1.0,0.9001731
0.0,0.7272717
1.0,0.99751854
0.0,0.92403114
0.0,0.087310284
1.0,0.9981634
1.0,0.98135847
1.0,0.99248403
1.0,0.9993498
1.0,0.99858236
1.0,0.9247574
0.0,0.9230329
1.0,0.9845615
1.0,0.99330753
0.0,0.023736373
0.0,0.9566024
1.0,0.8947454
0.0,0.051989164
1.0,0.7907356
1.0,0.35369676
1.0,0.9997807
1.0,0.9994721
1.0,0.99983037
1.0,0.9995895
1.0,0.968958
0.0,0.00052931596
1.0,0.9900131
1.0,0.065731265
1.0,0.99315965
0.0,0.01316213
1.0,0.8929391
1.0,0.9971615
1.0,0.9952872
1.0,0.98138726
0.0,0.9984944
0.0,0.01926632
0.0,0.7434359
1.0,0.89838713
1.0,0.98905164
1.0,0.9967211
1.0,0.9996728
1.0,0.99964607
1.0,0.99973804
1.0,0.9991866
1.0,0.9993206
1.0,0.8200962
1.0,0.99969876
1.0,0.99650747
1.0,0.9998714
0.0,0.020370899
1.0,0.9954951
1.0,0.9997899
1.0,0.99888223
1.0,0.9997539
1.0,0.9999455
1.0,0.9990582
1.0,0.99740475
1.0,0.9919046
1.0,0.90370965
1.0,0.998278
1.0,0.99953246
1.0,0.9988055
1.0,0.99972147
0.0,0.015502398
1.0,0.99884486
1.0,0.99191767
1.0,0.99440163
0.0,0.0930346
0.0,0.844703
1.0,0.99792755
0.0,0.00043198286
1.0,0.99554425
1.0,0.9998186
0.0,0.47691074
1.0,0.98661137
1.0,0.99926037
1.0,0.9975867
0.0,0.037610076
1.0,0.86972094
1.0,0.99878794
0.0,0.97217745
0.0,0.753389
1.0,0.9327379
1.0,0.99989617
1.0,0.99952984
1.0,0.9921761
1.0,0.9988668
1.0,0.9959842
1.0,0.9979851
1.0,0.98589295
1.0,0.99787366
1.0,0.9991604
1.0,0.99975175
1.0,0.996792
1.0,0.9890955
1.0,0.9938393
0.0,0.0014020189
0.0,0.03266238
1.0,0.9803945
1.0,0.9991098
1.0,0.9997358
1.0,0.971575
1.0,0.99964356
1.0,0.99764496
1.0,0.99965966
0.0,0.24227488
1.0,0.9992021
1.0,0.9990609
1.0,0.99981123
1.0,0.9988556
1.0,0.99398535
1.0,0.9997594
1.0,0.9989221
1.0,0.99670595
0.0,0.0040390766
1.0,0.9996499
1.0,0.9987496
1.0,0.44917062
1.0,0.9841918
1.0,0.9994173
1.0,0.9984085
1.0,0.97103643
1.0,0.9995943
1.0,0.99713933
1.0,0.9937111
1.0,0.9986985
1.0,0.82385254
1.0,0.99801755
1.0,0.9987727
1.0,0.98001796
1.0,0.9907066
1.0,0.9992149
1.0,0.9991648
1.0,0.9997632
1.0,0.99954504
1.0,0.9991014
1.0,0.9976246
1.0,0.99563795
1.0,0.99959
0.0,0.8835814
0.0,0.78548443
1.0,0.9999031
1.0,0.9936162
1.0,0.9822014
0.0,0.9999224
1.0,0.95749575
1.0,0.9981578
1.0,0.9992619
0.0,0.21971081
1.0,0.997445
1.0,0.9983365
0.0,0.01607561
0.0,0.82332677
1.0,0.99787366
1.0,0.99777526
1.0,0.99537104
1.0,0.96878004
1.0,0.99897814
1.0,0.99997926
1.0,0.8023381
1.0,0.99475867
1.0,0.99719656
1.0,0.9982375
1.0,0.9998996
1.0,0.997218
1.0,0.90367925
1.0,0.998941
1.0,0.99499977
1.0,0.9989825
1.0,0.5398273
1.0,0.9955384
1.0,0.9999614
0.0,0.009657525
1.0,0.107269205
0.0,0.9517592
1.0,0.9986972
1.0,0.9985384
1.0,0.9985672
1.0,0.9984276
1.0,0.7115558
1.0,0.9978198
1.0,0.99965775
1.0,0.999406
1.0,0.99982846
1.0,0.9994475
1.0,0.9995871
1.0,0.2482654
0.0,0.6097127
1.0,0.99968815
1.0,0.9850648
1.0,0.99993336
1.0,0.99059033
1.0,0.9998167
1.0,0.9997434
1.0,0.997285
1.0,0.039264955
0.0,0.9729279
1.0,0.9874184
1.0,0.90331924
1.0,0.99993014
0.0,0.0310742
1.0,0.09925496
1.0,0.9990689
1.0,0.9486238
1.0,0.9966737
1.0,0.99859685
0.0,0.038082164
1.0,0.99959713
1.0,0.9999397
1.0,0.9999547
1.0,0.9977544
1.0,0.9999049
1.0,0.99967253
1.0,0.99403787
1.0,0.99183804
1.0,0.9964606
1.0,0.9998574
1.0,0.9316414
1.0,0.9929715
0.0,0.8963373
1.0,0.99957186
1.0,0.99817765
1.0,0.9993673
1.0,0.99951494
0.0,0.00010187998
1.0,0.9999689
1.0,0.9960008
0.0,0.17643967
1.0,0.9959345
1.0,0.03272122
1.0,0.331608
1.0,0.9986744
0.0,0.78319776
1.0,0.9527426
1.0,0.5200136
1.0,0.9998658
1.0,0.94776285
1.0,0.94586736
1.0,0.9985719
1.0,0.9999645
1.0,0.99422365
1.0,0.99343646
1.0,0.9969289
1.0,0.9996866
1.0,0.9540086
1.0,0.99824715
1.0,0.9988794
1.0,0.9997713
1.0,0.9999212
0.0,0.0029548628
0.0,0.9994723
1.0,0.9991881
1.0,0.9992453
1.0,0.9980867
1.0,0.99654573
1.0,0.99980503
1.0,0.9996451
1.0,0.95927143
1.0,0.99973243
1.0,0.91710055
1.0,0.98450744
1.0,0.83428967
1.0,0.99946076
1.0,0.99980706
1.0,0.96185184
1.0,0.99281937
1.0,0.99992406
1.0,0.99901366
1.0,0.9982645
1.0,0.9907672
1.0,0.9995752
1.0,0.98276883
1.0,0.9998048
1.0,0.99960417
0.0,0.5694726
1.0,0.989613
1.0,0.9985959
1.0,0.9998673
0.0,0.9950956
1.0,0.9973917
1.0,0.9755815
1.0,0.99580127
1.0,0.9855451
1.0,0.9985814
1.0,0.9983607
0.0,0.029398426
1.0,0.99924445
1.0,0.99875283
1.0,0.99937683
1.0,0.9972276
0.0,0.006993403
1.0,0.99960214
1.0,0.6946961
1.0,0.9973309
1.0,0.98521453
1.0,0.99717075
0.0,0.11789701
1.0,0.007421537
1.0,0.99952376
1.0,0.9987249
1.0,0.9983664
1.0,0.999511
0.0,0.7298924
1.0,0.99161303
1.0,0.98722875
0.0,0.0333714
1.0,0.71736485
0.0,0.28719714
1.0,0.9996389
1.0,0.99981123
1.0,0.9985877
0.0,0.90320027
1.0,0.99916244
1.0,0.9890407
1.0,0.9990289
1.0,0.9997434
1.0,0.11970961
1.0,0.99448425
1.0,0.81817603
1.0,0.9994229
1.0,0.8522455
1.0,0.9995695
0.0,0.000573363
1.0,0.9998273
1.0,0.9997036
1.0,0.998904
1.0,0.9999924
1.0,0.99990845
1.0,0.9722164
1.0,0.99801093
1.0,0.99777645
1.0,0.9997768
1.0,0.9996673
0.0,0.64953077
1.0,0.99425757
0.0,0.00019845196
1.0,0.99987864
1.0,0.8902216
1.0,0.99930286
1.0,0.98610234
1.0,0.95259506
1.0,0.99796104
1.0,0.98597634
1.0,0.9923058
1.0,0.9975789
1.0,0.9920844
0.0,0.94221604
1.0,0.98701096
1.0,0.99888843
1.0,0.34670946
0.0,0.9149341
1.0,0.9950477
1.0,0.9997367
1.0,0.99772316
0.0,0.1838025
1.0,0.9980876
1.0,0.993457
1.0,0.99818796
1.0,0.99923587
1.0,0.9995503
1.0,0.9621569
1.0,0.9795672
1.0,0.98921424
1.0,0.9945471
1.0,0.9985127
1.0,0.9986891
1.0,0.99447775
1.0,0.9994849
1.0,0.99771774
1.0,0.9854253
1.0,0.9993876
1.0,0.9970095
1.0,0.99977463
1.0,0.9672047
1.0,0.99920696
1.0,0.9986399
1.0,0.99403703
0.0,0.10698417
1.0,0.99988985
1.0,0.99215406
1.0,0.99755293
1.0,0.99963963
1.0,0.9992607
1.0,0.9995447
1.0,0.99877816
1.0,0.9924879
1.0,0.99947304
1.0,0.3431275
1.0,0.9741489
0.0,0.7002683
1.0,0.99852943
1.0,0.99216765
1.0,0.99984276
1.0,0.89751464
0.0,0.9919819
1.0,0.9998355
1.0,0.9999429
1.0,0.94974035
1.0,0.9954072
1.0,0.9989343
1.0,0.999941
1.0,0.9987325
1.0,0.8862135
1.0,0.9946137
1.0,0.99744
0.0,0.06729824
1.0,0.9993936
1.0,0.99989307
1.0,0.99121374
1.0,0.9996687
1.0,0.9997321
0.0,0.00073767384
1.0,0.99913293
1.0,0.9479479
0.0,0.0038774367
0.0,0.5499683
1.0,0.7422856
1.0,0.99917066
1.0,0.9764996
1.0,0.99923193
1.0,0.99976677
1.0,0.99762076
1.0,0.999861
1.0,0.9995752
1.0,0.99793756
1.0,0.9938851
1.0,0.9995278
1.0,0.99995756
1.0,0.9909445
1.0,0.9933937
1.0,0.99977297
1.0,0.99854434
1.0,0.9989435
1.0,0.995689
1.0,0.9999143
1.0,0.9990483
1.0,0.9896034
1.0,0.9997042
1.0,0.9747866
1.0,0.9961259
0.0,0.044895988
1.0,0.99591017
1.0,0.997775
1.0,0.99996305
1.0,0.9998448
1.0,0.99562377
1.0,0.9578252
1.0,0.9997658
1.0,0.99187124
1.0,0.9597983
1.0,0.999905
1.0,0.99931204
1.0,0.9978204
1.0,0.9983742
1.0,0.9997491
1.0,0.93814236
1.0,0.8907506
1.0,0.59737855
1.0,0.9997049
1.0,0.99950325
1.0,0.86797494
1.0,0.94737965
1.0,0.9922341
1.0,0.9336475
1.0,0.92762804
1.0,0.99514955
1.0,0.99794513
0.0,0.0177545
1.0,0.9994777
1.0,0.9995623
1.0,0.9969689
1.0,0.9990903
1.0,0.9992919
1.0,0.9939446
1.0,0.5724236
1.0,0.9977235
1.0,0.99952674
1.0,0.97135496
0.0,0.00029815483
1.0,0.6291068
1.0,0.99857163
0.0,0.0024280802
1.0,0.99716324
1.0,0.9958198
0.0,0.04057942
0.0,0.00022918591
1.0,0.9593119
1.0,0.9991265
1.0,0.9997341
1.0,0.9997353
1.0,0.31652588
0.0,0.1937005
1.0,0.9992174
1.0,0.9949104
1.0,0.99857867
1.0,0.9866384
1.0,0.9994106
1.0,0.9996618
1.0,0.99843425
1.0,0.9906034
1.0,0.9997254
1.0,0.99871254
1.0,0.99909043
0.0,0.014400592
1.0,0.9997646
0.0,0.00039382125
1.0,0.99594706
1.0,0.8945888
1.0,0.9918134
1.0,0.9994766
1.0,0.9994137
1.0,0.9921638
1.0,0.9662076
1.0,0.99784255
1.0,0.9997112
1.0,0.999964
1.0,0.97104126
0.0,0.0026155405
1.0,0.98931
1.0,0.018810742
1.0,0.9990972
1.0,0.99669373
1.0,0.9951056
1.0,0.9730286
1.0,0.9985923
1.0,0.99798775
1.0,0.98622245
0.0,0.0022210977
0.0,0.0898546
0.0,0.00029676888
1.0,0.99840194
1.0,0.9991365
1.0,0.9985337
0.0,0.0005464129
1.0,0.9999685
1.0,0.9987728
1.0,0.9357337
1.0,0.99662846
1.0,0.99849963
1.0,0.9998253
1.0,0.99715865
1.0,0.99661475
0.0,0.5223683
1.0,0.9983298
1.0,0.7100878
1.0,0.99989223
1.0,0.9759093
1.0,0.9999404
1.0,0.9990859
0.0,0.014770447
1.0,0.99255776
1.0,0.9999794
1.0,0.9241471
1.0,0.9970688
1.0,0.99924636
1.0,0.98721737
1.0,0.99955684
1.0,0.99886286
1.0,0.9998404
1.0,0.99540603
1.0,0.9996592
1.0,0.54605746
1.0,0.99995255
1.0,0.9997328
1.0,0.9821676
1.0,0.9999076
1.0,0.9699887
1.0,0.98949695
1.0,0.6092307
0.0,0.00019803838
0.0,0.2300748
1.0,0.999694
1.0,0.9997228
1.0,0.9971717
1.0,0.9004542
0.0,0.043811552
1.0,0.9822971
1.0,0.9737361
1.0,0.9992186
1.0,0.9933913
1.0,0.9974952
1.0,0.99892586
0.0,0.0015955011
1.0,0.99935526
1.0,0.99986255
1.0,0.9973828
1.0,0.99998605
1.0,0.99232703
1.0,0.99985933
1.0,0.9983853
1.0,0.99917406
1.0,0.983652
1.0,0.98576075
1.0,0.98833674
1.0,0.9996246
1.0,0.99976975
1.0,0.9983006
1.0,0.95310956
1.0,0.99874276
1.0,0.99988365
1.0,0.9517761
1.0,0.9997993
0.0,0.13989925
0.0,0.9696997
1.0,0.9999579
0.0,0.05497679
1.0,0.9994048
0.0,0.027333148
0.0,0.14414784
1.0,0.9994282
0.0,0.023869062
1.0,0.60232943
1.0,0.98895067
1.0,0.99608517
1.0,0.006418255
1.0,0.99913055
1.0,0.989901
1.0,0.9993426
1.0,0.7493907
1.0,0.9949181
1.0,0.9988998
1.0,0.43695843
0.0,0.0028785642
1.0,0.99916923
1.0,0.997638
1.0,0.99872416
1.0,0.99841404
1.0,0.99995625
1.0,0.9993405
1.0,0.7366305
1.0,0.9884785
1.0,0.9933155
1.0,0.99949384
0.0,0.5697983
1.0,0.99855226
1.0,0.9989581
1.0,0.9998486
1.0,0.9987534
1.0,0.96742827
1.0,0.99912256
0.0,0.95328754
0.0,0.0008372926
0.0,0.37204018
1.0,0.99975926
0.0,0.021735683
1.0,0.99737287
1.0,0.9992281
1.0,0.47166577
0.0,0.6983976
1.0,0.9971021
1.0,0.99975747
1.0,0.99507755
1.0,0.9981206
1.0,0.99522144
1.0,0.7383755
1.0,0.9995585
1.0,0.9996556
1.0,0.9977575
1.0,0.99494416
1.0,0.99795085
1.0,0.99839467
1.0,0.99898833
1.0,0.9991572
1.0,0.99966514
1.0,0.97319174
1.0,0.9980045
1.0,0.98788935
1.0,0.99926096
1.0,0.99693453
1.0,0.9963889
1.0,0.9989355
1.0,0.9998709
1.0,0.9929409
1.0,0.99572694
1.0,0.9972602
1.0,0.9998197
1.0,0.9997136
0.0,0.14696892
1.0,0.9966363
1.0,0.99985564
1.0,0.9990509
0.0,0.021525063
1.0,0.98811495
1.0,0.9602717
0.0,0.8834879
1.0,0.9706062
1.0,0.99678206
0.0,0.00023293967
1.0,0.9558015
0.0,0.85178745
1.0,0.9934642
1.0,0.9999374
0.0,0.08474371
0.0,0.8500404
1.0,0.9998982
1.0,0.99552816
1.0,0.9928911
1.0,0.99989176
1.0,0.99931145
1.0,0.9937669
1.0,0.9811422
1.0,0.9977266
1.0,0.75730735
0.0,0.013525435
1.0,0.9997582
1.0,0.8330154
0.0,0.87139386
1.0,0.9993617
1.0,0.9788013
1.0,0.99842846
1.0,0.9994717
1.0,0.99869686
1.0,0.26631394
1.0,0.9981152
1.0,0.9997174
1.0,0.9006933
1.0,0.94124734
1.0,0.99478877
1.0,0.9995297
1.0,0.9567689
1.0,0.8717228
1.0,0.99398106
1.0,0.8925934
1.0,0.9997596
1.0,0.9933236
1.0,0.9998202
1.0,0.9900755
1.0,0.9991665
1.0,0.9995364
1.0,0.9762607
1.0,0.9983311
1.0,0.84785306
0.0,0.0013537297
1.0,0.98718274
1.0,0.9985348
1.0,0.9772291
0.0,0.053506486
1.0,0.99987185
1.0,0.9860589
1.0,0.99954945
1.0,0.9999471
1.0,0.9998361
1.0,0.99981314
1.0,0.97225845
1.0,0.98360264
1.0,0.99952793
1.0,0.9999651
1.0,0.99982363
1.0,0.9987839
1.0,0.9932082
1.0,0.9937105
0.0,0.010382913
0.0,0.00036025178
1.0,0.96338916
1.0,0.9999049
1.0,0.99197865
1.0,0.99967957
1.0,0.9989384
1.0,0.98193467
0.0,0.08921352
1.0,0.9985475
1.0,0.99860054
1.0,0.65425366
1.0,0.9802495
1.0,0.99808985
1.0,0.9979526
1.0,0.9988129
0.0,1.1906905e-06
1.0,0.90754527
1.0,0.9697538
1.0,0.99991083
1.0,0.9999366
1.0,0.9999529
1.0,0.9954462
1.0,0.9997836
1.0,0.9993079
1.0,0.99776137
1.0,0.99988246
1.0,0.86721694
1.0,0.9966432
1.0,0.21879973
1.0,0.9988488
1.0,0.999514
1.0,0.99804676
0.0,0.009328189
1.0,0.9998894
1.0,0.99928516
1.0,0.99903166
1.0,0.9950965
1.0,0.9999336
0.0,0.62074786
1.0,0.99080104
1.0,0.999141
1.0,0.9996395
1.0,0.9989876
1.0,0.9999323
1.0,0.99615735
1.0,0.9998319
1.0,0.99846715
1.0,0.9964657
1.0,0.9974138
1.0,0.99947745
1.0,0.88451487
1.0,0.9997099
0.0,1.1041609e-05
1.0,0.9978124
1.0,0.99841964
1.0,0.99863726
1.0,0.9997726
1.0,0.9974745
1.0,0.998089
0.0,0.0064013335
1.0,0.97549725
1.0,0.99711967
1.0,0.76493526
0.0,0.0010450383
1.0,0.998718
1.0,0.99793005
1.0,0.99849725
1.0,0.9977943
1.0,0.9995172
1.0,0.99632806
1.0,0.9848941
1.0,0.99850225
1.0,0.9885311
1.0,0.9542153
1.0,0.9951864
1.0,0.9998294
0.0,8.544585e-05
1.0,0.98439884
1.0,0.99971265
1.0,0.9466177
1.0,0.9989862
1.0,0.97989523
1.0,0.99975866
1.0,0.999841
0.0,0.98605275
1.0,0.9995382
1.0,0.99945015
1.0,0.9987863
1.0,0.97046214
0.0,0.54570717
1.0,0.9976851
1.0,0.9997211
1.0,0.9996799
1.0,0.99995685
1.0,0.9999912
0.0,0.18681377
1.0,0.9998474
1.0,0.9998578
1.0,0.9968669
1.0,0.99959403
1.0,0.9967044
1.0,0.9995358
1.0,0.9466687
1.0,0.9784152
1.0,0.97311914
1.0,0.9882918
1.0,0.99940145
1.0,0.9822817
1.0,0.57824856
0.0,0.8115097
1.0,0.9987822
1.0,0.9890715
1.0,0.9957562
1.0,0.9985461
1.0,0.99352986
1.0,0.97309893
0.0,0.10530145
1.0,0.99998057
0.0,0.04341418
1.0,0.9876874
1.0,0.99910384
0.0,0.039646346
1.0,0.9978695
1.0,0.9893454
1.0,0.9960353
1.0,0.7372849
0.0,0.93000615
1.0,0.99960536
1.0,0.99978167
1.0,0.99980813
1.0,0.9959971
1.0,0.9434817
1.0,0.9995234
1.0,0.9990097
1.0,0.99716717
1.0,0.99978024
1.0,0.882614
1.0,0.07480749
1.0,0.88189936
1.0,0.9871567
1.0,0.9920746
1.0,0.98567384
1.0,0.9979791
1.0,0.9999924
1.0,0.99989796
1.0,0.9999404
1.0,0.99692756
1.0,0.9906685
1.0,0.9999573
1.0,0.9993655
1.0,0.99992335
1.0,0.9999105
1.0,0.96156913
1.0,0.9973092
0.0,0.017861865
1.0,0.9995778
1.0,0.9551989
1.0,0.99986994
0.0,0.05582406
1.0,0.9982346
1.0,0.9994091
1.0,0.9873656
1.0,0.976636
1.0,0.9998369
1.0,0.99939
1.0,0.6975466
1.0,0.7857663
1.0,0.9996966
1.0,0.9964897
1.0,0.9991934
1.0,0.99667907
1.0,0.8463862
1.0,0.9979691
1.0,0.9994497
1.0,0.99870884
1.0,0.9996964
1.0,0.99860436
1.0,0.9998703
1.0,0.9762901
0.0,0.6849681
1.0,0.08253961
0.0,0.013101471
1.0,0.9976342
1.0,0.99994516
1.0,0.9994873
1.0,0.99943477
1.0,0.9988673
0.0,0.96855104
1.0,0.9992663
0.0,0.5592898
1.0,0.9978229
0.0,0.93517745
1.0,0.9865906
1.0,0.99941444
1.0,0.9990558
1.0,0.9979572
1.0,0.99985766
1.0,0.99863404
1.0,0.99966264
1.0,0.95910627
1.0,0.8649913
0.0,0.00012945826
1.0,0.96660197
1.0,0.9996326
1.0,0.99083155
1.0,0.9958253
1.0,0.9254995
1.0,0.9802593
1.0,0.99803096
1.0,0.9768985
1.0,0.98669565
1.0,0.99982125
1.0,0.99897987
1.0,0.9944508
1.0,0.9990841
1.0,0.9991015
1.0,0.9982079
1.0,0.99997544
0.0,0.9893602
1.0,0.99955076
0.0,0.016252566
1.0,0.07899177
0.0,0.07478162
1.0,0.9989428
1.0,0.9994344
1.0,0.9647553
1.0,0.9962655
1.0,0.9995548
1.0,0.9720052
1.0,0.9995763
1.0,0.9987888
1.0,0.9999565
0.0,0.9013638
1.0,0.9993149
1.0,0.99890757
1.0,0.99991286
1.0,0.9994361
0.0,0.0010078618
1.0,0.99920243
1.0,0.991602
1.0,0.9944577
1.0,0.9980971
0.0,0.02361184
1.0,0.99761
1.0,0.999926
1.0,0.99965656
1.0,0.9984855
1.0,0.99906224
1.0,0.9974892
1.0,0.99066496
1.0,0.9974935
1.0,0.89041245
1.0,0.9992623
1.0,0.9995877
1.0,0.9861404
1.0,0.9949014
0.0,0.044171713
1.0,0.8462083
1.0,0.9988135
1.0,0.999816
1.0,0.9973328
1.0,0.999488
1.0,0.99840015
1.0,0.99987817
0.0,0.0115058655
1.0,0.9985488
1.0,0.59233636
1.0,0.9975188
1.0,0.37109023
1.0,0.95488137
1.0,0.9975647
1.0,0.9999529
1.0,0.9991899
1.0,0.981054
1.0,0.15311407
1.0,0.9986999
1.0,0.999263
1.0,0.9989135
1.0,0.9881391
1.0,0.97285265
1.0,0.9990834
0.0,0.9488477
1.0,0.9982994
1.0,0.9896338
1.0,0.8710169
1.0,0.99996316
1.0,0.99850273
1.0,0.99924624
0.0,0.00043193527
1.0,0.9960013
1.0,0.9994647
1.0,0.99912924
1.0,0.9975677
0.0,0.1875481
1.0,0.9999143
1.0,0.9948718
1.0,0.9977938
1.0,0.8461073
1.0,0.99932027
1.0,0.98359156
1.0,0.99934095
0.0,0.0013559322
1.0,0.99979776
1.0,0.99844676
1.0,0.9179017
1.0,0.99011093
1.0,0.9998561
1.0,0.99188226
1.0,0.9973636
1.0,0.9999335
1.0,0.8453069
1.0,0.998066
1.0,0.99870825
1.0,0.999824
1.0,0.99947995
1.0,0.99475646
1.0,0.99935395
1.0,0.99869233
1.0,0.99832255
1.0,0.96148205
1.0,0.9890899
0.0,0.07829717
1.0,0.9955355
1.0,0.99228424
1.0,0.99325186
1.0,0.9343529
1.0,0.98948914
1.0,0.9998276
1.0,0.96203375
1.0,0.99789065
0.0,0.06147185
1.0,0.9939851
1.0,0.9997677
0.0,0.014876768
1.0,0.9977723
0.0,0.6465686
1.0,0.5928824
1.0,0.7030309
1.0,0.9956801
1.0,0.91637915
1.0,0.99773455
0.0,0.26985818
0.0,0.20643167
0.0,0.013979431
1.0,0.9997931
1.0,0.998221
1.0,0.99976355
1.0,0.94466925
1.0,0.9851186
0.0,0.61998475
1.0,0.99394
1.0,0.8376855
1.0,0.99790204
0.0,0.9782624
1.0,0.9941703
1.0,0.99912196
1.0,0.8936939
1.0,0.99956506
1.0,0.97106016
1.0,0.9947354
1.0,0.9964541
0.0,0.025420895
1.0,0.9991447
1.0,0.98660254
1.0,0.9969875
1.0,0.9911219
0.0,0.00048660938
1.0,0.9984742
1.0,0.9993356
1.0,0.9955355
1.0,0.91916394
1.0,0.99809414
1.0,0.99832016
1.0,0.9991047
1.0,0.9991848
1.0,0.99992216
1.0,0.9998609
1.0,0.9924765
1.0,0.9979519
1.0,0.9924776
1.0,0.99962795
1.0,0.9891516
1.0,0.99779236
1.0,0.99805033
0.0,0.012592239
0.0,5.0585637e-05
1.0,0.7865701
1.0,0.998415
1.0,0.9445463
0.0,0.013916794
1.0,0.9998703
1.0,0.23615067
1.0,0.9933181
1.0,0.39232197
1.0,0.99833626
1.0,0.9943001
1.0,0.99986327
1.0,0.9999242
0.0,0.018742884
1.0,0.97359914
1.0,0.99947613
1.0,0.99944395
1.0,0.9637734
1.0,0.993208
1.0,0.99978715
1.0,0.9901578
1.0,0.98191273
1.0,0.9926099
0.0,0.9171891
1.0,0.99978894
1.0,0.9984969
1.0,0.9949549
1.0,0.24092324
1.0,0.9997402
1.0,0.99775827
1.0,0.9683953
1.0,0.99986506
1.0,0.99864215
1.0,0.9997044
1.0,0.81608105
1.0,0.99949265
1.0,0.99974805
1.0,0.99803597
1.0,0.99938834
0.0,0.004107684
1.0,0.9992963
1.0,0.9540406
1.0,0.9997445
1.0,0.99980634
1.0,0.9999306
1.0,0.993401
1.0,0.9965463
1.0,0.9996451
1.0,0.9987245
1.0,0.99966407
1.0,0.9644581
1.0,0.9968708
1.0,0.9996842
0.0,0.59984905
0.0,0.026122048
1.0,0.99225473
1.0,0.99970955
1.0,0.9762211
1.0,0.98984164
1.0,0.983004
1.0,0.9669151
1.0,0.99914145
1.0,0.98239547
1.0,0.9998679
1.0,0.9978163
1.0,0.99932814
0.0,0.014844811
1.0,0.99829453
1.0,0.99864894
1.0,0.9704635
0.0,0.003579872
1.0,0.9995665
0.0,0.4138111
1.0,0.98127705
0.0,0.011884331
1.0,0.9973163
1.0,0.9994892
1.0,0.831085
1.0,0.99963987
1.0,0.9992003
1.0,0.9956332
1.0,0.9997087
1.0,0.20904237
1.0,0.9789696
1.0,0.9962708
1.0,0.99985075
1.0,0.9984493
1.0,0.9996929
1.0,0.99612635
1.0,0.9998714
1.0,0.9975763
1.0,0.99999
0.0,0.00040826452
1.0,0.6816134
1.0,0.9963606
1.0,0.98376
1.0,0.98368603
0.0,0.00045841403
0.0,0.9503676
0.0,0.010056394
1.0,0.99950874
1.0,0.99630547
0.0,0.70184004
1.0,0.9955239
1.0,0.8009203
1.0,0.9990972
0.0,0.005478082
1.0,0.9992539
1.0,0.99945885
0.0,0.85309625
1.0,0.99998784
1.0,0.99984217
1.0,0.9969152
1.0,0.99982685
1.0,0.99923754
0.0,0.73117495
1.0,0.979859
1.0,0.9998361
1.0,0.88084275
1.0,0.9998555
1.0,0.5287939
0.0,0.015608825
1.0,0.99424523
1.0,0.9873756
1.0,0.9997886
1.0,0.9994344
1.0,0.75468034
1.0,0.999899
1.0,0.9240111
1.0,0.99969757
1.0,0.9757225
0.0,0.018941082
1.0,0.9977754
1.0,0.9842822
1.0,0.9963232
1.0,0.9859001
1.0,0.9505396
1.0,0.99696976
1.0,0.9962049
1.0,0.99947876
1.0,0.966225
1.0,0.9867357
0.0,0.14885868
1.0,0.9997482
1.0,0.9999409
0.0,0.77595127
1.0,0.99353737
1.0,0.9551359
1.0,0.99969053
1.0,0.99743265
0.0,0.0007006941
1.0,0.96262336
1.0,0.99992275
1.0,0.9998888
1.0,0.99564606
1.0,0.96485525
1.0,0.9949313
0.0,0.031519067
1.0,0.9943276
1.0,0.99979466
0.0,0.00280494
1.0,0.9997156
1.0,0.99915206
1.0,0.9999691
1.0,0.99866974
1.0,0.99550545
1.0,0.999863
1.0,0.99115795
1.0,0.9996363
1.0,0.9974075
1.0,0.9436561
0.0,0.2324939
1.0,0.9756865
1.0,0.9998878
1.0,0.9981072
0.0,0.009436704
1.0,0.9569242
1.0,0.9987509
1.0,0.98135376
0.0,0.9802121
1.0,0.98706347
1.0,0.98541
1.0,0.999777
1.0,0.99985874
1.0,0.9994797
1.0,0.9987357
1.0,0.9999349
1.0,0.9914172
1.0,0.9840641
1.0,0.9971405
1.0,0.99829274
1.0,0.13621677
1.0,0.69652796
1.0,0.997027
1.0,0.9988977
0.0,0.008145247
1.0,0.9968772
1.0,0.9995789
1.0,0.99826413
1.0,0.9927469
1.0,0.99671257
1.0,0.99896526
0.0,0.0006222427
1.0,0.9998646
0.0,0.04894549
1.0,0.99302775
1.0,0.95588654
1.0,0.9998845
1.0,0.99946934
1.0,0.99641645
1.0,0.9999387
1.0,0.99658906
0.0,0.0015498638
1.0,0.9991117
1.0,0.99872535
1.0,0.99447733
0.0,0.9183276
1.0,0.99776745
0.0,0.0007440385
1.0,0.9997421
1.0,0.9997842
1.0,0.99722844
1.0,0.9997682
0.0,0.046759985
1.0,0.9989735
1.0,0.9968104
0.0,0.99839133
0.0,0.9613709
1.0,0.9992066
1.0,0.08819654
1.0,0.9998342
1.0,0.9991547
1.0,0.9953768
1.0,0.9979146
1.0,0.9825264
1.0,0.99869233
1.0,0.99862576
1.0,0.9987626
1.0,0.99977654
1.0,0.99322295
1.0,0.99988425
1.0,0.9873374
1.0,0.99824727
1.0,0.9933315
1.0,0.99973446
1.0,0.9996234
1.0,0.9999267
0.0,0.04271989
1.0,0.99581945
1.0,0.56764287
0.0,0.007916593
1.0,0.9455995
1.0,0.9955627
1.0,0.9891103
1.0,0.99983704
1.0,0.9952976
0.0,0.0037026536
1.0,0.98754984
1.0,0.9153212
1.0,0.9997403
1.0,0.99880195
1.0,0.9997887
1.0,0.9989901
0.0,0.8195513
1.0,0.99425215
1.0,0.9995598
1.0,0.99840695
1.0,0.99978036
0.0,0.9334858
1.0,0.99926025
1.0,0.9998398
1.0,0.9958411
1.0,0.9998605
1.0,0.99570554
1.0,0.99894375
1.0,0.9989441
1.0,0.9443772
1.0,0.99945706
0.0,0.61484677
1.0,0.9997588
1.0,0.9943784
1.0,0.999741
1.0,0.9994375
1.0,0.9932011
1.0,0.9968405
1.0,0.9984964
1.0,0.99675214
1.0,0.997554
1.0,0.9890171
1.0,0.99997854
1.0,0.9943341
1.0,0.97708374
0.0,0.00660004
1.0,0.98798615
1.0,0.99973685
1.0,0.99071574
1.0,0.988144
1.0,0.98520076
1.0,0.99887973
1.0,0.99944514
1.0,0.47642785
1.0,0.9989048
1.0,0.99847835
0.0,0.8184674
1.0,0.99881566
1.0,0.9990972
1.0,0.99979204
1.0,0.9862152
1.0,0.9996911
1.0,0.9903402
1.0,0.99793017
0.0,0.0010652103
1.0,0.99749184
1.0,0.99831176
1.0,0.9961241
1.0,0.9476046
1.0,0.99882704
1.0,0.9993154
1.0,0.92822254
1.0,0.99995553
1.0,0.9996182
1.0,0.99985564
1.0,0.9958358
1.0,0.5363705
1.0,0.9994764
1.0,0.9259627
1.0,0.9923063
1.0,0.9999455
1.0,0.9998282
1.0,0.9995245
1.0,0.9932047
1.0,0.887747
1.0,0.9998498
1.0,0.98485917
0.0,0.01951381
0.0,0.111924104
1.0,0.99388194
1.0,0.99921525
1.0,0.98142713
1.0,0.9994455
0.0,0.974502
1.0,0.9978644
0.0,0.00039728053
1.0,0.9911781
0.0,0.115762085
1.0,0.9995827
1.0,0.9994511
1.0,0.99987936
1.0,0.5504751
1.0,0.9848696
1.0,0.44565085
1.0,0.99878544
1.0,0.9876516
0.0,0.012726704
0.0,0.9957963
0.0,0.0053526685
1.0,0.9996593
1.0,0.99951744
1.0,0.99960965
1.0,0.9959927
1.0,0.99255896
1.0,0.99953413
1.0,0.9992144
1.0,0.99970275
1.0,0.9880106
0.0,0.00010663203
1.0,0.9997379
1.0,0.99874413
1.0,0.9996124
1.0,0.9894599
1.0,0.9889552
0.0,0.009914185
1.0,0.9990588
1.0,0.9988236
1.0,0.99105185
0.0,0.9964618
1.0,0.9993356
1.0,0.9997298
1.0,0.99945396
1.0,0.9998864
1.0,0.99982005
1.0,0.99989426
0.0,0.21171544
0.0,0.006343886
0.0,0.35926512
1.0,0.99371207
1.0,0.99713826
1.0,0.99911946
0.0,0.35024297
1.0,0.99924636
1.0,0.9962607
1.0,0.9802479
1.0,0.99210584
1.0,0.99949276
0.0,0.0029567387
1.0,0.99948585
1.0,0.9952857
1.0,0.9986143
1.0,0.9993424
1.0,0.9997025
1.0,0.99804986
1.0,0.9859174
1.0,0.9984061
1.0,0.9992512
1.0,0.99940455
1.0,0.99960035
1.0,0.99976736
1.0,0.9974874
1.0,0.99931216
1.0,0.99919087
1.0,0.9998037
1.0,0.9978859
1.0,0.9999188
1.0,0.98778915
1.0,0.94153297
1.0,0.7022782
1.0,0.99460936
1.0,0.9987081
1.0,0.9999368
1.0,0.99601644
1.0,0.99953735
1.0,0.9982424
1.0,0.9903805
1.0,0.7857445
1.0,0.9986583
1.0,0.99988973
1.0,0.99928635
0.0,0.0075176335
1.0,0.997971
1.0,0.87888193
1.0,0.9951988
0.0,0.068239756
1.0,0.994863
1.0,0.99874383
1.0,0.99953437
1.0,0.99974877
1.0,0.99915123
1.0,0.9896097
1.0,0.98191637
0.0,0.34137872
1.0,0.9990386
1.0,0.99959284
1.0,0.99875915
1.0,0.12112469
1.0,0.9712909
1.0,0.99192786
1.0,0.9971138
1.0,0.9971808
1.0,0.9992274
1.0,0.9999298
1.0,0.86177963
1.0,0.996367
0.0,0.0021590856
1.0,0.102828264
1.0,0.997607
1.0,0.98637915
1.0,0.9543338
1.0,0.9996031
1.0,0.998531
1.0,0.9880894
1.0,0.9998951
1.0,0.9987381
1.0,0.99975187
1.0,0.9963862
1.0,0.999037
1.0,0.9689465
1.0,0.99849296
1.0,0.98701096
1.0,0.9983701
1.0,0.999731
1.0,0.8242577
1.0,0.99983823
1.0,0.99900454
1.0,0.9967848
1.0,0.9934634
1.0,0.9992213
1.0,0.99986386
1.0,0.9980659
1.0,0.9998517
0.0,0.06369214
1.0,0.9950707
1.0,0.9997421
0.0,0.98185617
0.0,0.9652888
1.0,0.8537854
1.0,0.9929884
1.0,0.1206688
1.0,0.9997534
1.0,0.9999739
1.0,0.9987167
1.0,0.4641684
0.0,0.11683122
1.0,0.99182844
1.0,0.9955199
0.0,0.3644479
1.0,0.99994814
1.0,0.957628
0.0,5.0097886e-05
1.0,0.98130244
1.0,0.98954415
1.0,0.96171707
0.0,0.026541898
1.0,0.9989737
1.0,0.9992969
1.0,0.9909279
1.0,0.9997552
0.0,0.008888696
0.0,0.0016634254
0.0,0.2953844
1.0,0.9983688
1.0,0.98007923
1.0,0.9114853
1.0,0.99844426
1.0,0.3657837
1.0,0.9969517
1.0,0.99992335
1.0,0.9993123
1.0,0.9998136
1.0,0.9983277
1.0,0.9996855
1.0,0.99973553
0.0,0.9006934
1.0,0.99958175
1.0,0.9992563
0.0,0.0060775424
1.0,0.30976653
0.0,0.9938135
1.0,0.9991116
1.0,0.9988391
1.0,0.99598086
1.0,0.99811494
1.0,0.99971944
1.0,0.9993849
1.0,0.95577765
1.0,0.997232
1.0,0.99923265
1.0,0.9977913
1.0,0.99139166
1.0,0.99624383
1.0,0.988772
1.0,0.99995244
1.0,0.9395295
1.0,0.9239606
1.0,0.9240097
1.0,0.8231188
1.0,0.99967444
1.0,0.9997565
1.0,0.9962838
0.0,0.67625195
0.0,0.16063555
1.0,0.93636006
1.0,0.9804971
1.0,0.2806574
1.0,0.9997985
1.0,0.99992585
1.0,0.9997899
1.0,0.99969196
1.0,0.38998374
1.0,0.99042386
1.0,0.7959443
1.0,0.9998734
1.0,0.99866474
1.0,0.9981104
1.0,0.9991861
1.0,0.9938007
1.0,0.8132905
1.0,0.030212853
1.0,0.99952304
1.0,0.99668413
1.0,0.94185364
0.0,0.18807487
0.0,0.0011258047
1.0,0.9941848
1.0,0.99509996
1.0,0.9912965
1.0,0.9962923
1.0,0.9941788
1.0,0.9990552
1.0,0.9995346
0.0,0.1336188
1.0,0.9997589
1.0,0.99964774
1.0,0.9987779
1.0,0.99908924
1.0,0.99930155
0.0,0.037644982
1.0,0.9984174
1.0,0.998782
1.0,0.99602735
1.0,0.9983785
1.0,0.99875486
1.0,0.9998965
1.0,0.8961418
1.0,0.9888809
1.0,0.9977791
1.0,0.9925931
1.0,0.99985874
1.0,0.8953621
1.0,0.98798835
1.0,0.99135286
0.0,0.0017434094
1.0,0.95913726
1.0,0.7850622
1.0,0.99163544
1.0,0.06860024
1.0,0.99972993
1.0,0.999676
1.0,0.99851245
1.0,0.96854275
1.0,0.95651
1.0,0.9998147
0.0,0.00899228
1.0,0.99832207
1.0,0.9987638
0.0,0.034979526
0.0,0.03174206
1.0,0.9413597
0.0,0.9657538
1.0,0.9991429
1.0,0.99867
1.0,0.99972457
1.0,0.99848443
1.0,0.875964
1.0,0.99863654
1.0,0.997872
1.0,0.9998
1.0,0.99287933
1.0,0.99844754
1.0,0.9293106
1.0,0.0983481
1.0,0.99906105
1.0,0.9982546
1.0,0.9988532
1.0,0.997503
0.0,0.04662357
1.0,0.26301038
1.0,0.999571
1.0,0.9930928
1.0,0.9907437
1.0,0.9923919
1.0,0.9992507
0.0,0.18472165
1.0,0.997647
1.0,0.997738
1.0,0.9991715
1.0,0.99624854
1.0,0.99698514
1.0,0.99859816
1.0,0.99531895
0.0,0.008108666
1.0,0.99791414
1.0,0.99883264
1.0,0.99841475
1.0,0.9726815
1.0,0.9998305
1.0,0.993353
1.0,0.97456145
1.0,0.9985291
1.0,0.99958986
0.0,0.73420054
0.0,0.26810375
1.0,0.9961475
1.0,0.99598604
1.0,0.9993824
1.0,0.9743937
1.0,0.93547046
1.0,0.99836284
1.0,0.99225324
1.0,0.999928
1.0,0.9997465
1.0,0.9995129
0.0,0.18510008
1.0,0.99989605
1.0,0.98323774
0.0,0.9977398
0.0,0.08796718
1.0,0.9302908
1.0,0.9977756
1.0,0.9889327
1.0,0.99968183
1.0,0.9947477
1.0,0.9971722
1.0,0.9996991
1.0,0.99987876
1.0,0.99369425
1.0,0.97317165
1.0,0.8700632
1.0,0.8075836
1.0,0.99991524
1.0,0.9975001
1.0,0.6263984
1.0,0.9998276
1.0,0.99921036
1.0,0.9703389
0.0,0.0042766915
1.0,0.9981609
0.0,0.020246105
1.0,0.9943581
1.0,0.9993086
1.0,0.264359
1.0,0.008413705
1.0,0.5690678
0.0,0.7654945
1.0,0.9994609
0.0,0.089337625
1.0,0.9816968
1.0,0.999022
1.0,0.9637575
0.0,0.036595616
1.0,0.9843263
1.0,0.9999219
1.0,0.89286274
1.0,0.99984074
1.0,0.9976495
1.0,0.9983005
1.0,0.99317
1.0,0.99314195
1.0,0.99410313
1.0,0.99803597
1.0,0.99952805
1.0,0.999556
0.0,0.5179945
1.0,0.9972568
1.0,0.99930954
1.0,0.99578685
1.0,0.99967194
1.0,0.95666295
1.0,0.905569
1.0,0.96754426
1.0,0.99973994
1.0,0.9984762
1.0,0.97125983
0.0,0.0045163888
1.0,0.98371375
1.0,0.98992705
1.0,0.99993455
1.0,0.9989267
1.0,0.99763274
1.0,0.9992404
0.0,0.74033153
1.0,0.9987244
1.0,0.997797
1.0,0.9862489
1.0,0.9925753
1.0,0.99945825
1.0,0.8223193
1.0,0.9904124
1.0,0.9917563
1.0,0.99808264
1.0,0.9999827
1.0,0.99977416
1.0,0.99527705
1.0,0.97638613
1.0,0.9992581
1.0,0.9958961
1.0,0.9964264
1.0,0.9854645
1.0,0.99980646
0.0,0.894533
1.0,0.9980215
1.0,0.9960283
1.0,0.9960737
1.0,0.49952748
1.0,0.9995617
1.0,0.9649416
1.0,0.86748415
1.0,0.9887987
1.0,0.6075107
1.0,0.9985061
1.0,0.9978387
1.0,0.999796
1.0,0.99972767
1.0,0.9880378
0.0,0.007158486
1.0,0.9999292
1.0,0.99981076
1.0,0.9996044
0.0,0.0025980119
1.0,0.11050831
1.0,0.9981382
1.0,0.9986588
1.0,0.9998596
1.0,0.99886
1.0,0.9981799
1.0,0.97209406
1.0,0.9993605
1.0,0.99983776
1.0,0.9989623
1.0,0.9966227
1.0,0.16510057
1.0,0.053265505
1.0,0.9417597
1.0,0.9848199
1.0,0.99995315
1.0,0.99845254
1.0,0.99825186
1.0,0.9982856
1.0,0.9996556
1.0,0.9999784
0.0,0.02389253
1.0,0.99380773
1.0,0.999856
1.0,0.68035287
1.0,0.99987376
1.0,0.99987566
1.0,0.9982552
0.0,0.9524661
1.0,0.99940777
1.0,0.9917964
1.0,0.99991775
1.0,0.99953973
0.0,0.0010648399
1.0,0.99968636
1.0,0.99310523
1.0,0.9997726
1.0,0.99644023
1.0,0.9803823
1.0,0.87140125
1.0,0.99961805
0.0,0.2878113
0.0,0.009840839
1.0,0.99788266
1.0,0.9998067
1.0,0.999666
1.0,0.99981004
1.0,0.9994006
1.0,0.99966633
1.0,0.9868232
1.0,0.99288005
1.0,0.99915373
1.0,0.99899787
0.0,0.0026484379
1.0,0.9848911
1.0,0.8086794
1.0,0.9988833
1.0,0.999008
1.0,0.99966633
1.0,0.9998022
1.0,0.99917823
1.0,0.99262214
1.0,0.99378866
1.0,0.946803
1.0,0.98282164
1.0,0.9982674
1.0,0.99867225
0.0,0.00843364
1.0,0.9982162
0.0,0.8602018
1.0,0.99988186
1.0,0.96429825
1.0,0.7197016
1.0,0.9978897
1.0,0.97835964
1.0,0.99956244
1.0,0.99971265
1.0,0.9997092
1.0,0.9968907
1.0,0.9982753
1.0,0.9990472
1.0,0.9975121
1.0,0.9969683
0.0,0.99878293
1.0,0.9936993
1.0,0.8034979
1.0,0.99927455
1.0,0.9997913
1.0,0.9997793
1.0,0.9998398
0.0,0.41192722
1.0,0.99843556
1.0,0.99986684
1.0,0.9987822
1.0,0.960725
1.0,0.999912
1.0,0.9980502
1.0,0.9993901
1.0,0.99987864
1.0,0.9953296
1.0,0.9794064
0.0,0.9997633
1.0,0.9995192
1.0,0.9894782
1.0,0.94047743
1.0,0.9993349
1.0,0.966051
1.0,0.9552167
1.0,0.9310924
1.0,0.99871254
1.0,0.99861956
1.0,0.9995832
1.0,0.9998406
1.0,0.99661595
1.0,0.83263946
1.0,0.9998042
1.0,0.9974585
1.0,0.99861765
1.0,0.99570775
1.0,0.99985707
1.0,0.97722423
1.0,0.52858794
1.0,0.9995628
1.0,0.99200624
1.0,0.9878241
1.0,0.99647164
1.0,0.999485
1.0,0.98971355
1.0,0.99324906
0.0,0.9577776
1.0,0.99949455
0.0,1.7603212e-05
1.0,0.99965477
1.0,0.99968135
1.0,0.9996618
1.0,0.99606115
1.0,0.9993344
1.0,0.9927285
1.0,0.9349242
1.0,0.9875761
1.0,0.99854136
0.0,0.0037068883
1.0,0.99984217
1.0,0.9982346
1.0,0.9394746
1.0,0.99481684
0.0,0.0031694316
1.0,0.9994579
1.0,0.99604166
0.0,0.021639084
1.0,0.9983095
1.0,0.9989392
1.0,0.9981553
1.0,0.9984566
1.0,0.99843603
1.0,0.99933785
1.0,0.99878305
1.0,0.9974952
1.0,0.99228853
1.0,0.99988174
1.0,0.9810439
1.0,0.99995065
0.0,0.957203
1.0,0.9745559
1.0,0.9996457
0.0,0.0094578015
1.0,0.999918
1.0,0.99487203
1.0,0.9998511
1.0,0.9970637
1.0,0.999795
1.0,0.99600595
1.0,0.99221957
1.0,0.9996586
1.0,0.9983177
1.0,0.98299223
1.0,0.9986047
1.0,0.99779594
0.0,0.9830578
0.0,0.9590001
1.0,0.9837028
1.0,0.99868375
1.0,0.9907774
0.0,0.0008732196
1.0,0.9816636
1.0,0.9997757
1.0,0.93350506
1.0,0.998497
0.0,0.008849065
1.0,0.9981748
0.0,0.98115027
0.0,0.62637115
1.0,0.99807006
1.0,0.99828714
1.0,0.9999113
1.0,0.9999565
1.0,0.99985003
1.0,0.99924076
0.0,0.51515174
0.0,0.94127387
1.0,0.97869235
1.0,0.99996126
1.0,0.997009
1.0,0.99992085
1.0,0.99553573
1.0,0.99890435
1.0,0.9423038
1.0,0.9998559
0.0,0.74893886
1.0,0.99671555
1.0,0.96795815
1.0,0.9983169
1.0,0.9970728
0.0,0.99007773
1.0,0.99843615
1.0,0.98596036
1.0,0.9999622
1.0,0.9989423
0.0,0.77181536
1.0,0.97573596
0.0,0.24901222
1.0,0.9997136
1.0,0.9998375
1.0,0.040348012
1.0,0.9920711
1.0,0.99949086
1.0,0.9993075
1.0,0.99912864
1.0,0.9969236
1.0,0.9654038
1.0,0.9988758
1.0,0.9996455
1.0,0.9979286
1.0,0.9999567
1.0,0.95396334
1.0,0.9712307
1.0,0.9906061
1.0,0.9972156
0.0,0.13742618
1.0,0.9999219
1.0,0.999863
1.0,0.9950258
1.0,0.99705863
1.0,0.99834824
1.0,0.99922407
1.0,0.99980384
1.0,0.9990213
1.0,0.97602254
1.0,0.99653095
1.0,0.99993765
1.0,0.99986064
1.0,0.9979703
1.0,0.9998455
0.0,0.9395246
1.0,0.9992538
1.0,0.99974555
1.0,0.9995161
1.0,0.08301948
1.0,0.9858971
1.0,0.99700457
0.0,0.008698435
0.0,0.013055163
0.0,0.9405409
0.0,0.0027829267
1.0,0.99917895
1.0,0.9993461
1.0,0.9922516
1.0,0.99980694
0.0,0.00443773
1.0,0.9871235
0.0,0.7598826
1.0,0.9961428
1.0,0.9994324
1.0,0.99778277
1.0,0.8654707
0.0,0.96670324
1.0,0.9964569
1.0,0.9737926
1.0,0.9625141
1.0,0.9997905
1.0,0.99917954
1.0,0.9988889
0.0,0.017605139
0.0,0.00045300883
0.0,0.00021812764
1.0,0.9997708
1.0,0.9973871
1.0,0.9971512
1.0,0.99534744
1.0,0.80539477
0.0,0.12987015
1.0,0.9998348
1.0,0.9813332
1.0,0.98372227
1.0,0.9998939
1.0,0.942561
1.0,0.9946379
1.0,0.9866513
0.0,0.9984041
1.0,0.9994473
1.0,0.99888104
1.0,0.9841504
1.0,0.996222
1.0,0.16855812
1.0,0.99544805
1.0,0.9996012
1.0,0.99990594
1.0,0.9896735
1.0,0.9609404
1.0,0.98387396
1.0,0.99428236
1.0,0.9999436
0.0,0.99996877
1.0,0.99985874
1.0,0.99572194
1.0,0.9985398
0.0,0.86992353
1.0,0.99793196
1.0,0.9125269
1.0,0.95702493
1.0,0.99408025
1.0,0.9987425
1.0,0.9980844
1.0,0.9999379
0.0,0.17712308
1.0,0.98964626
1.0,0.9955515
0.0,0.014204373
1.0,0.9996717
1.0,0.9984682
0.0,0.036020767
1.0,0.9997141
1.0,0.9994469
0.0,0.025077118
1.0,0.9995478
1.0,0.99988365
1.0,0.9840995
1.0,0.9968935
1.0,0.9987704
0.0,0.22434522
1.0,0.99986506
1.0,0.94329447
1.0,0.9935282
1.0,0.9982755
1.0,0.9997576
1.0,0.98985493
1.0,0.9982924
0.0,0.9244614
1.0,0.97220355
1.0,0.99895155
1.0,0.10601145
1.0,0.9992768
1.0,0.8920851
1.0,0.9468476
1.0,0.9228503
1.0,0.99916434
1.0,0.9995467
1.0,0.9958223
1.0,0.99916947
1.0,0.99927
1.0,0.9891482
0.0,0.31918854
1.0,0.9952813
1.0,0.998694
1.0,0.99767965
1.0,0.025386862
1.0,0.9995449
1.0,0.9940388
1.0,0.9994535
1.0,0.9996393
0.0,0.00040732493
1.0,0.99960774
1.0,0.9952348
1.0,0.9981263
1.0,0.99680233
1.0,0.9882379
1.0,0.92494947
1.0,0.99378645
1.0,0.9990664
1.0,0.9981065
1.0,0.98630756
1.0,0.999742
1.0,0.99329126
1.0,0.99978036
1.0,0.98208755
1.0,0.6074655
0.0,0.9700103
1.0,0.99888533
0.0,0.0020056933
1.0,0.9995241
1.0,0.99848443
1.0,0.99948347
1.0,0.99895954
1.0,0.99965453
1.0,0.99855715
1.0,0.94613063
1.0,0.9990374
1.0,0.9994209
1.0,0.9917007
1.0,0.9881473
0.0,0.28173515
1.0,0.92729956
1.0,0.95585257
0.0,0.7451717
1.0,0.9703405
1.0,0.005001513
0.0,0.014297428
1.0,0.30060795
0.0,0.8896422
0.0,0.63199246
1.0,0.99968636
1.0,0.99921525
1.0,0.99029386
1.0,0.9978271
1.0,0.9980394
1.0,0.99738675
1.0,0.9793458
1.0,0.99877805
1.0,0.99898905
1.0,0.99991703
0.0,0.041522484
1.0,0.9928772
1.0,0.9995895
1.0,0.9989039
1.0,0.9994289
0.0,0.018774252
1.0,0.9927475
1.0,0.9920832
0.0,0.10276529
1.0,0.9984263
1.0,0.9990771
1.0,0.9987268
0.0,0.47145325
1.0,0.93875945
1.0,0.99930406
1.0,0.98567885
1.0,0.979776
1.0,0.7371224
1.0,0.9976737
1.0,0.99793446
1.0,0.8438751
1.0,0.99945337
1.0,0.9921659
1.0,0.92614365
1.0,0.7979353
1.0,0.9984444
1.0,0.999951
1.0,0.99972266
1.0,0.9674589
1.0,0.99345183
1.0,0.867951
0.0,0.034452837
1.0,0.9770836
1.0,0.9093746
0.0,0.5216077
1.0,0.9999342
1.0,0.9995915
1.0,0.99977595
1.0,0.9984648
0.0,0.009183288
0.0,0.00089928956
1.0,0.9997869
0.0,0.14086795
1.0,0.98392856
1.0,0.9976242
1.0,0.984852
1.0,0.9965094
1.0,0.95195806
1.0,0.9615599
1.0,0.9998418
1.0,0.9575653
1.0,0.9928288
1.0,0.9999181
1.0,0.99962044
1.0,0.9940931
1.0,0.9983368
1.0,0.9997087
1.0,0.7615051
1.0,0.99733585
1.0,0.9999821
1.0,0.985776
1.0,0.99999154
1.0,0.41957322
1.0,0.9466238
1.0,0.95145094
1.0,0.99958175
1.0,0.9942052
1.0,0.9976084
1.0,0.9989662
1.0,0.99946207
1.0,0.9911856
0.0,0.9997842
1.0,0.99729794
1.0,0.9999194
1.0,0.99961686
1.0,0.9993451
1.0,0.99912685
1.0,0.9988794
1.0,0.99939966
1.0,0.9965564
1.0,0.97996646
1.0,0.9992299
0.0,0.2193769
1.0,0.9782552
1.0,0.9990011
1.0,0.999683
1.0,0.9950566
1.0,0.9955655
1.0,0.36934522
0.0,0.8924767
1.0,0.9996172
1.0,0.99958783
1.0,0.9922255
1.0,0.9895393
1.0,0.99003464
1.0,0.7022259
1.0,0.32698715
1.0,0.91419834
1.0,0.9992386
1.0,0.99940634
0.0,0.94424975
1.0,0.98196745
1.0,0.9992569
1.0,0.86826277
0.0,0.035602678
1.0,0.9995553
1.0,0.9930862
1.0,0.99945337
1.0,0.98672396
1.0,0.9998503
1.0,0.9985684
1.0,0.92914444
1.0,0.99017006
1.0,0.9960647
1.0,0.99813193
0.0,0.011379404
1.0,0.9809924
0.0,0.11691085
1.0,0.99988294
1.0,0.9999392
1.0,0.99984086
1.0,0.99994516
1.0,0.9994234
0.0,0.97245705
1.0,0.9993869
1.0,0.9984628
1.0,0.991557
1.0,0.9995888
1.0,0.99882823
1.0,0.9995264
1.0,0.9614931
1.0,0.9993875
1.0,0.9962942
1.0,0.99867475
1.0,0.99970573
1.0,0.97118145
1.0,0.99818146
1.0,0.9969176
0.0,0.99842036
1.0,0.9976878
1.0,0.8764063
1.0,0.99295396
1.0,0.9999391
1.0,0.9995283
1.0,0.99985933
1.0,0.9996013
1.0,0.9998702
0.0,0.0005448685
0.0,0.00054670125
1.0,0.9968149
1.0,0.9986676
1.0,0.99986804
1.0,0.965375
1.0,0.9998648
1.0,0.95960855
1.0,0.99973553
1.0,0.99971205
1.0,0.99985075
1.0,0.9995378
1.0,0.9991757
0.0,0.09987184
0.0,0.10142121
1.0,0.9991437
1.0,0.9394533
1.0,0.030308159
1.0,0.90940744
1.0,0.999556
0.0,0.913158
1.0,0.9976793
1.0,0.99753773
0.0,0.0006153147
1.0,0.9564547
0.0,0.0071167476
1.0,0.99987864
1.0,0.99864906
1.0,0.99907196
0.0,0.0072178543
0.0,0.13025397
1.0,0.99983954
1.0,0.99458283
0.0,0.30353373
1.0,0.9870875
1.0,0.99990916
1.0,0.9985813
1.0,0.9940348
1.0,0.99994147
1.0,0.9808396
1.0,0.42765087
0.0,0.02469532
0.0,0.24453609
1.0,0.9465854
1.0,0.9987293
1.0,0.9990171
1.0,0.38494354
1.0,0.99980813
1.0,0.99967587
0.0,0.06955159
1.0,0.9940247
1.0,0.9997106
1.0,0.97673416
1.0,0.9959371
1.0,0.99740344
1.0,0.99964976
1.0,0.9823486
0.0,0.0003834007
1.0,0.99797946
0.0,0.99768996
1.0,0.96325463
1.0,0.98503935
1.0,0.99449426
1.0,0.9997241
1.0,0.99990344
1.0,0.8378743
1.0,0.99934655
1.0,0.99784744
1.0,0.99200493
1.0,0.9954482
1.0,0.9978181
1.0,0.99960285
1.0,0.9991271
1.0,0.99846846
1.0,0.99760723
1.0,0.9977931
1.0,0.9993062
1.0,0.99846256
1.0,0.9971011
1.0,0.89992404
1.0,0.9809856
1.0,0.9990515
1.0,0.96419626
1.0,0.9949062
0.0,0.08338481
1.0,0.9986766
1.0,0.99869764
1.0,0.8901607
1.0,0.99909246
1.0,0.9997867
1.0,0.32984278
1.0,0.037619296
1.0,0.9987935
0.0,0.8684002
1.0,0.99983776
1.0,0.99454135
1.0,0.9824913
1.0,0.998939
1.0,0.939861
1.0,0.81487685
1.0,0.99972194
1.0,0.97667557
1.0,0.99819475
1.0,0.9997919
1.0,0.9996884
1.0,0.999255
1.0,0.99436605
0.0,0.22847705
1.0,0.99528027
1.0,0.99850094
1.0,0.96148723
1.0,0.9990828
1.0,0.9991291
0.0,0.9999161
0.0,1.6104017e-05
1.0,0.99955815
0.0,0.0021295403
1.0,0.9999553
1.0,0.9976284
0.0,0.5057625
1.0,0.92567784
1.0,0.99863154
0.0,0.014778498
1.0,0.9999628
1.0,0.99813485
1.0,0.99286026
1.0,0.99987805
0.0,0.9005527
1.0,0.31792334
0.0,0.9028078
1.0,0.9982614
1.0,0.99946254
1.0,0.99893075
0.0,0.81599694
0.0,0.050781373
1.0,0.99983835
1.0,0.999353
1.0,0.99969554
1.0,0.9900081
1.0,0.99994206
1.0,0.97235876
1.0,0.90483135
0.0,0.003879067
1.0,0.99904627
1.0,0.9998423
1.0,0.9895047
1.0,0.9888021
1.0,0.8760888
1.0,0.9992581
1.0,0.9974183
0.0,0.21096219
1.0,0.98855597
1.0,0.9999567
0.0,0.083633505
1.0,0.32577857
1.0,0.99984384
1.0,0.99783736
0.0,0.0111459745
1.0,0.9718469
1.0,0.9991265
1.0,0.999853
1.0,0.99504745
1.0,0.98899066
1.0,0.99510384
1.0,0.9994417
1.0,0.9995962
1.0,0.9765594
1.0,0.79204375
1.0,0.9812867
1.0,0.9904283
1.0,0.9998659
1.0,0.9989742
1.0,0.9927591
1.0,0.9358162
1.0,0.9996482
1.0,0.9986291
1.0,0.9308971
0.0,0.0022588368
1.0,0.97013086
1.0,0.447993
1.0,0.99518365
0.0,0.9981987
1.0,0.9947753
1.0,0.8514153
1.0,0.9997526
1.0,0.9990113
1.0,0.9994229
1.0,0.9996327
1.0,0.9852621
1.0,0.9998894
0.0,0.0025898225
1.0,0.8801022
1.0,0.9991978
1.0,0.99965954
1.0,0.98975545
1.0,0.9980398
1.0,0.97316056
1.0,0.99983084
0.0,0.0017152269
1.0,0.8172127
1.0,0.99775046
1.0,0.9978998
1.0,0.9996117
1.0,0.9998572
1.0,0.9997403
1.0,0.99494666
1.0,0.9994092
1.0,0.95339185
1.0,0.99960476
1.0,0.9992674
1.0,0.9999348
1.0,0.9992818
1.0,0.9975204
1.0,0.99986136
1.0,0.9943275
1.0,0.9290613
1.0,0.9976412
1.0,0.61503136
1.0,0.9997491
1.0,0.99395555
1.0,0.9826675
1.0,0.12585394
0.0,0.12819569
1.0,0.99963665
1.0,0.98811275
1.0,0.98761976
1.0,0.9992974
1.0,0.9996977
1.0,0.9924918
1.0,0.9997619
0.0,0.71486014
0.0,0.00058428786
1.0,0.85334367
1.0,0.9995714
1.0,0.9998654
1.0,0.9992518
1.0,0.35380614
1.0,0.99980646
1.0,0.9997987
1.0,0.997729
1.0,0.9999733
0.0,0.027291872
1.0,0.99996746
1.0,0.9997948
1.0,0.995546
1.0,0.9937588
1.0,0.94855183
0.0,0.011586085
0.0,0.010489071
1.0,0.9769323
1.0,0.99900347
1.0,0.99980205
1.0,0.99573094
1.0,0.9991153
1.0,0.9982486
1.0,0.9958455
1.0,0.9986584
1.0,0.99717087
0.0,0.02348774
1.0,0.99971706
0.0,0.99903643
1.0,0.99576426
1.0,0.9978357
1.0,0.9859015
1.0,0.9984554
1.0,0.99948764
1.0,0.9937708
1.0,0.9984491
1.0,0.9504375
0.0,0.9948107
1.0,0.9983126
1.0,0.99894613
1.0,0.999666
1.0,0.9989157
0.0,0.99670726
1.0,0.9985689
1.0,0.9931819
0.0,0.87279296
1.0,0.9993808
1.0,0.9479947
1.0,0.9975936
0.0,0.034769647
1.0,0.9996563
1.0,0.9994692
1.0,0.9988206
1.0,0.98712754
1.0,0.93207157
0.0,9.263253e-05
1.0,0.99317837
0.0,0.053019457
1.0,0.9978405
1.0,0.99995625
1.0,0.9996594
1.0,0.9995864
1.0,0.99985516
1.0,0.906129
0.0,0.9957568
0.0,0.039081432
1.0,0.99391043
1.0,0.99749607
1.0,0.9990299
1.0,0.99985933
1.0,0.99965644
0.0,0.9968863
1.0,0.99960715
0.0,0.9996691
0.0,3.7112026e-05
1.0,0.8594797
1.0,0.9320026
0.0,0.6633007
1.0,0.99964345
1.0,0.99999154
1.0,0.99977535
1.0,0.89891094
1.0,0.99954814
1.0,0.99868876
1.0,0.99664515
1.0,0.89800733
0.0,0.0014415976
1.0,0.9916467
1.0,0.99831593
1.0,0.99881905
1.0,0.9758706
0.0,0.0012945832
1.0,0.99925894
0.0,0.35552493
1.0,0.99920195
1.0,0.26118955
1.0,0.9897194
1.0,0.02288678
1.0,0.99938476
1.0,0.999603
1.0,0.9926132
1.0,0.99577445
1.0,0.99987054
1.0,0.9986117
1.0,0.99988747
1.0,0.99333984
0.0,0.16091567
1.0,0.9829623
1.0,0.9956181
1.0,0.97959006
1.0,0.99967813
1.0,0.99984145
1.0,0.99654776
1.0,0.99630874
1.0,0.9868089
1.0,0.99989116
1.0,0.99821836
1.0,0.99767214
1.0,0.9987533
1.0,0.9971712
1.0,0.99708575
1.0,0.99911624
1.0,0.9996722
1.0,0.9989976
1.0,0.9887926
1.0,0.8808218
1.0,0.99979824
1.0,0.19010653
1.0,0.99888676
1.0,0.9950836
1.0,0.9995152
1.0,0.9979303
1.0,0.99982077
0.0,0.7517424
0.0,0.44364053
1.0,0.9972675
1.0,0.99713933
1.0,0.99866915
1.0,0.99815446
0.0,0.5588163
1.0,0.16914164
1.0,0.9994054
0.0,0.074531645
1.0,0.9998869
1.0,0.99902666
1.0,0.9839108
1.0,0.7267917
0.0,0.8013146
1.0,0.97104734
1.0,0.9999312
1.0,0.99989724
1.0,0.9995016
1.0,0.99780077
1.0,0.99966025
1.0,0.99414414
1.0,0.99209857
0.0,0.039688367
1.0,0.9989936
1.0,0.99786025
1.0,0.8278272
1.0,0.9983005
0.0,0.075882055
1.0,0.99903595
1.0,0.13766596
1.0,0.99962425
1.0,0.9869665
1.0,0.9943409
0.0,0.014700305
1.0,0.99977475
0.0,0.9095812
1.0,0.9995425
1.0,0.99648666
0.0,0.8546026
1.0,0.9963821
1.0,0.9886468
1.0,0.9980957
0.0,0.8944003
1.0,0.999592
1.0,0.9711132
1.0,0.98446053
1.0,0.96927625
1.0,0.9826256
0.0,0.03266499
1.0,0.99597317
1.0,0.9826471
1.0,0.7199508
1.0,0.99519944
1.0,0.98372805
1.0,0.9982686
1.0,0.99246585
1.0,0.9987348
0.0,0.3123788
1.0,0.99373806
1.0,0.99924266
1.0,0.998494
1.0,0.9999341
1.0,0.003197689
1.0,0.99988186
1.0,0.9997712
1.0,0.9980196
1.0,0.9997459
1.0,0.9997234
1.0,0.9999455
1.0,0.99678886
0.0,0.57427794
1.0,0.9967272
1.0,0.9944141
1.0,0.994989
1.0,0.99841166
1.0,0.99738556
1.0,0.9997212
1.0,0.9994733
0.0,0.0116514675
1.0,0.9946807
0.0,0.97448254
1.0,0.9997062
1.0,0.9987754
0.0,0.003003519
1.0,0.9997826
1.0,0.9957053
1.0,0.99959403
1.0,0.96760666
0.0,0.05649749
0.0,0.024504313
1.0,0.9765905
1.0,0.9935062
0.0,0.003982629
1.0,0.9998573
0.0,0.013043441
1.0,0.99236697
1.0,0.99909365
1.0,0.9952975
1.0,0.97528404
1.0,0.9971175
1.0,0.9865957
1.0,0.998429
1.0,0.9993332
0.0,0.03878394
1.0,0.9801247
1.0,0.6033058
1.0,0.86709416
1.0,0.9998254
1.0,0.99964285
1.0,0.78428006
1.0,0.11712167
1.0,0.99955446
1.0,0.9978085
1.0,0.2948695
1.0,0.8855431
1.0,0.99593437
1.0,0.99346316
1.0,0.58938885
1.0,0.8276666
1.0,0.99987674
1.0,0.999539
1.0,0.9992873
1.0,0.978161
1.0,0.71111906
1.0,0.99981695
1.0,0.9996952
0.0,0.38376644
1.0,0.9922808
0.0,0.029738022
1.0,0.9967694
1.0,0.9878637
1.0,0.9653368
1.0,0.99568653
1.0,0.999603
1.0,0.9988918
1.0,0.99826956
0.0,0.07744808
1.0,0.9993457
1.0,0.99692315
1.0,0.99054563
1.0,0.9995345
1.0,0.99984574
1.0,0.89156705
1.0,0.9854915
1.0,0.99970657
1.0,0.95858973
1.0,0.9994537
1.0,0.9907273
1.0,0.99563426
1.0,0.99939466
1.0,0.052744605
1.0,0.99669826
1.0,0.998607
1.0,0.9923537
0.0,0.11174253
0.0,0.107215986
1.0,0.98703384
1.0,0.999236
1.0,0.9972691
1.0,0.99795413
1.0,0.99955195
1.0,0.99959344
1.0,0.9935632
1.0,0.7715828
1.0,0.96942365
1.0,0.99839705
1.0,0.9988053
1.0,0.9990709
1.0,0.998781
1.0,0.9988682
1.0,0.99998546
1.0,0.13363017
0.0,0.00057445234
0.0,0.83347785
1.0,0.99935323
1.0,0.9925194
0.0,0.33238044
0.0,0.4762078
1.0,0.99953246
1.0,0.98332155
0.0,0.10924824
1.0,0.99701047
1.0,0.99964833
1.0,0.99884415
1.0,0.9999006
1.0,0.9994369
1.0,0.9929656
1.0,0.9893517
0.0,0.6727237
1.0,0.9921835
1.0,0.996576
0.0,0.0035550995
1.0,0.9988626
1.0,0.99928564
1.0,0.99839455
1.0,0.99826294
1.0,0.75870436
1.0,0.99931586
1.0,0.9992168
1.0,0.9987192
1.0,0.9876172
1.0,0.9998766
1.0,0.99774015
1.0,0.99842536
1.0,0.99948883
0.0,0.014754897
1.0,0.9988061
1.0,0.99999607
1.0,0.9991136
1.0,0.8735434
1.0,0.8355391
1.0,0.99981946
1.0,0.9944534
1.0,0.99708587
0.0,0.058916297
1.0,0.9682568
1.0,0.9993278
1.0,0.99748707
1.0,0.84315854
1.0,0.9989134
1.0,0.97445834
1.0,0.63120276
1.0,0.9998591
1.0,0.99983346
1.0,0.9948891
1.0,0.9987832
1.0,0.06366395
1.0,0.9994288
1.0,0.9970692
1.0,0.99989164
1.0,0.9994367
1.0,0.94235903
1.0,0.75877094
1.0,0.999796
1.0,0.35209373
1.0,0.99678254
1.0,0.9983298
1.0,0.99604464
0.0,0.03718888
1.0,0.9927959
0.0,0.978993
1.0,0.77290595
1.0,0.9996494
0.0,0.99700385
1.0,0.9800418
1.0,0.9952473
1.0,0.9953707
1.0,0.99892247
1.0,0.9977034
1.0,0.98566157
1.0,0.9886164
1.0,0.9885643
1.0,0.99984884
0.0,3.0085614e-06
1.0,0.9998919
1.0,0.38693142
1.0,0.9967803
1.0,0.9987091
1.0,0.9999597
1.0,0.99931717
1.0,0.99845695
1.0,0.68104124
1.0,0.9991689
1.0,0.99365
1.0,0.9996538
1.0,0.9995559
1.0,0.9969627
1.0,0.99995625
0.0,0.006995552
1.0,0.99907494
1.0,0.9903155
1.0,0.99257255
1.0,0.9997211
1.0,0.9994061
1.0,0.9811032
0.0,0.0056773676
1.0,0.99947065
1.0,0.9977695
1.0,0.99669445
1.0,0.99612623
0.0,0.56278574
1.0,0.16764417
1.0,0.0019776735
1.0,0.9997892
1.0,0.8456383
1.0,0.9977596
1.0,0.99961394
1.0,0.9997942
1.0,0.9826012
0.0,0.0001971523
1.0,0.7660012
1.0,0.99943703
1.0,0.9995592
1.0,0.998601
1.0,0.9915804
1.0,0.9262196
1.0,0.99990475
1.0,0.99892884
1.0,0.99765515
1.0,0.9945979
1.0,0.99700755
1.0,0.99697125
1.0,0.9985819
1.0,0.9997534
1.0,0.99960226
1.0,0.9930929
1.0,0.999908
1.0,0.99910116
1.0,0.99864846
1.0,0.9563704
1.0,0.9999862
1.0,0.9995327
1.0,0.99792635
0.0,0.0072739944
1.0,0.99926907
0.0,0.8715537
1.0,0.99906176
1.0,0.9996526
1.0,0.99984384
1.0,0.9997228
1.0,0.999783
1.0,0.9925867
1.0,0.9964747
1.0,0.9984668
1.0,0.9988972
0.0,0.9738337
1.0,0.98523754
1.0,0.99575496
1.0,0.9969902
0.0,0.9985708
1.0,0.99864715
1.0,0.9997811
1.0,0.99980813
1.0,0.9927683
1.0,0.93214595
1.0,0.9990845
1.0,0.9991817
1.0,0.9842069
1.0,0.09673112
1.0,0.99418086
0.0,0.57700706
1.0,0.99875426
1.0,0.9547091
1.0,0.9985006
1.0,0.90738547
1.0,0.9818907
1.0,0.99828786
1.0,0.9988939
1.0,0.9993086
1.0,0.9999255
1.0,0.99940467
1.0,0.983194
1.0,0.91228604
1.0,0.99829596
1.0,0.9999373
1.0,0.2377371
1.0,0.9781796
1.0,0.9998727
1.0,0.9994549
0.0,0.03127537
1.0,0.99810374
1.0,0.99978334
1.0,0.99313146
0.0,0.018466167
1.0,0.45713204
0.0,0.01802526
1.0,0.99940073
1.0,0.92096746
1.0,0.9724362
0.0,0.98408616
1.0,0.99992335
0.0,0.93502307
1.0,0.999757
1.0,0.99902344
1.0,0.9998227
0.0,0.26172435
1.0,0.99988294
1.0,0.9987948
1.0,0.99701536
1.0,0.9993299
1.0,0.99717736
1.0,0.9985434
1.0,0.65896815
1.0,0.9991937
1.0,0.95173514
1.0,0.9996717
1.0,0.99997413
1.0,0.99988556
1.0,0.9920214
1.0,0.99798286
0.0,0.57167417
1.0,0.9826027
1.0,0.9961224
1.0,0.9961773
0.0,0.0019127859
1.0,0.27956283
1.0,0.9968755
1.0,0.9939366
1.0,0.9920169
1.0,0.9990239
0.0,0.0010242468
1.0,0.9962543
1.0,0.99521106
1.0,0.9940684
0.0,1.1249668e-05
1.0,0.9535913
1.0,0.9996269
1.0,0.99902594
1.0,0.99427056
1.0,0.98757553
1.0,0.99531
1.0,0.99772185
1.0,0.9971463
1.0,0.99987984
1.0,0.9994791
1.0,0.995218
1.0,0.9963108
1.0,0.99934787
1.0,0.9987974
1.0,0.37399158
1.0,0.9560471
1.0,0.9175278
1.0,0.9930294
1.0,0.99911803
1.0,0.97494113
1.0,0.9989857
1.0,0.99247384
1.0,0.99514955
1.0,0.48346594
1.0,0.99929166
1.0,0.9904991
1.0,0.817023
1.0,0.9708953
0.0,0.80570215
1.0,0.9964095
1.0,0.9994797
1.0,0.9880943
0.0,0.25151306
1.0,0.9869604
1.0,0.99929965
1.0,0.99984455
1.0,0.94758844
1.0,0.0006683147
1.0,0.99933475
1.0,0.99982315
1.0,0.9968831
0.0,0.40112397
1.0,0.99153125
0.0,0.9865992
1.0,0.8432026
1.0,0.99546057
1.0,0.9993082
1.0,0.99988604
1.0,0.9994593
1.0,0.9523009
0.0,0.000669466
1.0,0.9939174
1.0,0.99937963
1.0,0.9999006
1.0,0.92707974
1.0,0.9918468
1.0,0.9995945
1.0,0.998242
1.0,0.9934906
1.0,0.24001135
1.0,0.9998099
1.0,0.9989518
1.0,0.99976164
1.0,0.99973124
1.0,0.98953724
1.0,0.9996075
0.0,0.010969676
1.0,0.99816304
1.0,0.98663867
1.0,0.99986255
1.0,0.9942569
1.0,0.998257
1.0,0.9988023
1.0,0.89448357
1.0,0.9967417
1.0,0.9999759
0.0,0.015101346
1.0,0.9919491
1.0,0.99773824
1.0,0.9987155
1.0,0.99993694
1.0,0.9867511
1.0,0.9987342
1.0,0.9557713
1.0,0.9993667
1.0,0.9900956
0.0,0.9928877
1.0,0.999461
1.0,0.86197835
0.0,0.013803385
1.0,0.99897987
0.0,0.1610152
1.0,0.9939126
0.0,0.06762285
1.0,0.983457
1.0,0.9996251
1.0,0.98559004
1.0,0.9999505
1.0,0.9691237
1.0,0.99274045
1.0,0.9966947
1.0,0.99708
1.0,0.9941274
1.0,0.5612655
1.0,0.9987245
0.0,0.00064998254
1.0,0.9695673
1.0,0.99735653
1.0,0.9993025
1.0,0.9459227
1.0,0.98214966
0.0,0.18623424
1.0,0.9992331
1.0,0.99994254
1.0,0.99942124
1.0,0.9994191
1.0,0.9806199
0.0,0.20678316
1.0,0.9999703
1.0,0.9990515
0.0,0.017238092
1.0,0.14165835
1.0,0.9964683
1.0,0.9392636
1.0,0.99644655
1.0,0.9999025
0.0,0.69235194
0.0,0.24370079
1.0,0.9998149
1.0,0.993082
1.0,0.995906
1.0,0.9986965
1.0,0.9990958
1.0,0.9980895
1.0,0.9991936
1.0,0.9998228
0.0,2.1388071e-07
1.0,0.9995939
1.0,0.99366623
1.0,0.99871504
1.0,0.9973832
1.0,0.9222508
1.0,0.99777657
1.0,0.9965347
1.0,0.9959403
1.0,0.99779785
0.0,0.009464621
1.0,0.9988097
0.0,0.0025800513
0.0,0.00058883126
1.0,0.99190885
1.0,0.99902344
1.0,0.9995189
0.0,0.012602518
0.0,0.29901886
0.0,0.0785981
1.0,0.5426814
1.0,0.9998784
1.0,0.99522215
1.0,0.9995105
1.0,0.17950462
1.0,0.9994771
1.0,0.99990594
1.0,0.9927382
1.0,0.9975829
1.0,0.9945962
1.0,0.9948972
1.0,0.99865484
1.0,0.9303783
1.0,0.97915834
1.0,0.99881846
1.0,0.9985757
1.0,0.9972549
1.0,0.9828234
1.0,0.9905454
1.0,0.9992719
1.0,0.9999552
1.0,0.9986633
1.0,0.9999372
1.0,0.99883765
1.0,0.99965084
1.0,0.9972314
1.0,0.98372144
1.0,0.99841857
1.0,0.99095577
1.0,0.98460823
1.0,0.99947625
1.0,0.9967614
1.0,0.9804167
1.0,0.98982847
1.0,0.98406637
0.0,0.16159596
1.0,0.9970636
1.0,0.99545175
1.0,0.9936831
1.0,0.99947757
0.0,0.90496224
1.0,0.9996824
0.0,0.86981833
1.0,0.9776514
0.0,0.9678237
0.0,0.0028189188
1.0,0.99528825
1.0,0.98879707
1.0,0.9928722
1.0,0.9991685
1.0,0.9996008
1.0,0.9889572
1.0,0.96884656
1.0,0.9952828
1.0,0.9862881
1.0,0.99350595
1.0,0.999796
1.0,0.9994773
1.0,0.9978522
1.0,0.99838495
1.0,0.99787235
1.0,0.9663317
1.0,0.9997222
1.0,0.9639007
1.0,0.99910384
0.0,0.88921535
0.0,0.76120067
1.0,0.9995431
1.0,0.99336606
1.0,0.9996743
1.0,0.995093
1.0,0.99915004
1.0,0.9996257
0.0,0.13681476
1.0,0.98523235
1.0,0.99829394
1.0,0.9997106
1.0,0.9925241
1.0,0.999962
1.0,0.98456687
1.0,0.999286
1.0,0.9995869
1.0,0.988856
1.0,0.9927099
1.0,0.99993026
1.0,0.99823195
1.0,0.99984455
1.0,0.9994512
1.0,0.9999913
1.0,0.9979202
1.0,0.7065206
1.0,0.9946542
1.0,0.9891845
1.0,0.9991503
1.0,0.9902058
1.0,0.9990169
1.0,0.9914846
1.0,0.99667823
1.0,0.9994696
1.0,0.9938845
1.0,0.999696
1.0,0.9997558
1.0,0.9971284
1.0,0.999173
1.0,0.99942005
1.0,0.99807644
1.0,0.99160576
1.0,0.9984169
1.0,0.9498811
1.0,0.5710218
0.0,0.00013388466
1.0,0.9999217
1.0,0.9995326
1.0,0.8720544
1.0,0.9985468
1.0,0.9997181
1.0,0.9967083
1.0,0.99574405
1.0,0.9940368
1.0,0.9985133
1.0,0.9727025
1.0,0.9997621
1.0,0.99989533
1.0,0.9966635
1.0,0.9994479
0.0,2.4617366e-05
1.0,0.99721235
1.0,0.998901
1.0,0.992554
1.0,0.67806965
1.0,0.780407
1.0,0.99823797
1.0,0.9985862
1.0,0.9588833
1.0,0.99946374
1.0,0.9991067
1.0,0.9935621
1.0,0.9993117
1.0,0.98878723
1.0,0.9959978
1.0,0.99981195
1.0,0.7175966
1.0,0.9975731
1.0,0.9991027
1.0,0.9983038
1.0,0.9965544
1.0,0.99860364
1.0,0.90943384
1.0,0.9102609
1.0,0.90645623
1.0,0.9980804
0.0,0.06850476
0.0,0.1575906
1.0,0.99964654
1.0,0.99995863
0.0,0.30680865
1.0,0.9998969
0.0,0.48984745
0.0,0.0028490503
1.0,0.99579805
0.0,0.1615223
1.0,0.9973043
0.0,0.96599
1.0,0.020426072
1.0,0.99848264
1.0,0.99946064
1.0,0.99759966
1.0,0.99913067
1.0,0.9999105
1.0,0.9988605
1.0,0.7055958
1.0,0.99640095
1.0,0.9938122
1.0,0.9996124
1.0,0.99987876
1.0,0.9964014
1.0,0.9999404
1.0,0.9986411
0.0,0.9611488
1.0,0.9970023
1.0,0.99691534
1.0,0.989546
1.0,0.999252
1.0,0.9976336
1.0,0.9990916
1.0,0.9404883
1.0,0.99851495
0.0,0.023180123
0.0,0.013626698
1.0,0.9639199
1.0,0.9945322
1.0,0.9988551
1.0,0.9983644
1.0,0.99852175
1.0,0.98141474
1.0,0.9602242
0.0,0.81192267
1.0,0.9995932
1.0,0.9995454
1.0,0.99894685
1.0,0.99891627
1.0,0.37787306
0.0,0.0038482484
0.0,0.122637086
1.0,0.99681336
1.0,0.9997454
1.0,0.9995497
1.0,0.99931836
1.0,0.99015254
1.0,0.99960357
1.0,0.8705658
0.0,0.088741966
1.0,0.9967334
1.0,0.9998846
1.0,0.9999443
1.0,0.99903834
1.0,0.99888295
1.0,0.99963605
1.0,0.9984861
1.0,0.9943711
1.0,0.9998739
1.0,0.99952936
1.0,0.992539
1.0,0.9903685
1.0,0.9957968
1.0,0.99728966
1.0,0.994009
1.0,0.99907553
1.0,0.9798753
1.0,0.99924004
1.0,0.9998889
1.0,0.9996866
1.0,0.99833053
0.0,0.3166534
1.0,0.99969375
1.0,0.99984896
1.0,0.9972364
1.0,0.9900649
1.0,0.95721716
1.0,0.7190327
1.0,0.99941957
1.0,0.7422043
1.0,0.9954869
1.0,0.99998283
1.0,0.9964773
1.0,0.9096146
1.0,0.9987575
1.0,0.99967456
1.0,0.9995592
1.0,0.9959943
1.0,0.99636096
1.0,0.80732894
1.0,0.98711944
1.0,0.27959633
1.0,0.9999418
0.0,0.7853025
1.0,0.96679616
1.0,0.9967836
1.0,0.9831518
1.0,0.999795
1.0,0.9997671
1.0,0.9995395
1.0,0.81200254
1.0,0.99950814
1.0,0.99989843
1.0,0.9996909
1.0,0.97685754
1.0,0.99952483
1.0,0.3789467
1.0,0.99821556
1.0,0.9988601
1.0,0.9924211
1.0,0.9595393
1.0,0.9996105
1.0,0.9502015
1.0,0.99893016
1.0,0.9668832
0.0,0.9986259
1.0,0.96213657
1.0,0.99977905
0.0,0.9955987
1.0,0.99913377
1.0,0.99804664
1.0,0.9993975
0.0,0.016790872
1.0,0.9960284
1.0,0.99907255
1.0,0.9937769
1.0,0.9982463
1.0,0.9998903
1.0,0.97716206
0.0,0.0042279023
1.0,0.99982303
0.0,0.022078507
1.0,0.99898106
1.0,0.99955577
1.0,0.9967457
1.0,0.9996362
1.0,0.9998313
0.0,0.8850896
1.0,0.99892825
1.0,0.77082103
1.0,0.99970216
1.0,0.99958783
1.0,0.9994808
1.0,0.99571157
1.0,0.99793446
1.0,0.6876903
1.0,0.98389536
1.0,0.9996039
1.0,0.70209956
1.0,0.78026116
1.0,0.9992113
1.0,0.99982893
1.0,0.9996171
1.0,0.9771617
1.0,0.99026173
1.0,0.989358
1.0,0.9996105
1.0,0.9997125
1.0,0.9950846
0.0,0.038679533
1.0,0.99940455
1.0,0.9977843
1.0,0.99693453
1.0,0.9982229
1.0,0.9997278
1.0,0.9821118
0.0,0.7581575
1.0,0.9997986
1.0,0.99971324
1.0,0.9977621
1.0,0.99987996
0.0,0.85620433
1.0,0.99943894
0.0,0.016224869
0.0,0.042237353
1.0,0.99998546
1.0,0.9992779
1.0,0.99346644
1.0,0.98796463
1.0,0.99997556
1.0,0.99177307
1.0,0.9990983
1.0,0.9999039
1.0,0.9983511
0.0,0.44240168
1.0,0.9973738
1.0,0.003689544
1.0,0.99950206
0.0,0.45634213
0.0,0.0028765625
0.0,0.013784359
1.0,0.9994499
1.0,0.99923444
0.0,9.831329e-05
0.0,0.95228356
0.0,0.95795745
1.0,0.9999721
1.0,0.99950325
1.0,0.9957606
1.0,0.9966936
1.0,0.9809155
1.0,0.9925889
1.0,0.9874091
1.0,0.9998696
1.0,0.99947625
0.0,0.004810134
1.0,0.9996917
1.0,0.9999423
1.0,0.99703765
1.0,0.4899091
1.0,0.99123645
1.0,0.99776006
1.0,0.9984665
1.0,0.99987125
1.0,0.999775
1.0,0.99861085
1.0,0.25545296
1.0,0.9990576
1.0,0.99994755
0.0,0.096948594
1.0,0.9999424
1.0,0.79077286
1.0,0.99633265
1.0,0.99849856
1.0,0.98946065
1.0,0.9997397
0.0,0.102792084
1.0,0.99910754
1.0,0.9996019
1.0,0.9988815
1.0,0.9917178
1.0,0.95049286
1.0,0.9999809
1.0,0.9995492
1.0,0.9998976
1.0,0.9995332
1.0,0.9994411
1.0,0.99941397
1.0,0.99778867
1.0,0.999432
0.0,0.35024947
1.0,0.9976351
1.0,0.9882383
1.0,0.5087961
1.0,0.9999168
0.0,0.04047162
0.0,0.032573175
1.0,0.9998661
1.0,0.9968162
1.0,0.9998995
1.0,0.9998729
1.0,0.9966035
1.0,0.9996948
1.0,0.99776864
0.0,0.11312788
1.0,0.99304634
1.0,0.9967777
1.0,0.99474394
1.0,0.9984073
1.0,0.9993968
1.0,0.99955827
1.0,0.995704
1.0,0.9989839
1.0,0.9909285
1.0,0.99834096
1.0,0.99825424
1.0,0.98572415
1.0,0.79415554
1.0,0.9999194
1.0,0.9297813
1.0,0.99615186
0.0,7.070161e-05
1.0,0.99074215
1.0,0.99852353
1.0,0.9994287
1.0,0.99903154
1.0,0.99986625
0.0,0.0072093615
1.0,0.99981755
1.0,0.96460587
1.0,0.9697566
1.0,0.99132466
1.0,0.9998079
1.0,0.99938846
1.0,0.9966162
1.0,0.99955326
1.0,0.9997085
0.0,0.2760914
1.0,0.6704776
1.0,0.9990251
1.0,0.999859
1.0,0.99992895
0.0,0.024630094
1.0,0.99962115
1.0,0.998154
1.0,0.99953043
1.0,0.9999285
1.0,0.9984479
0.0,0.011323759
1.0,0.92749673
0.0,0.005490881
1.0,0.9994972
0.0,0.0008577412
0.0,0.01623798
1.0,0.9986292
1.0,0.99665844
1.0,0.9920225
1.0,0.9997856
0.0,0.0068695266
1.0,0.99972504
1.0,0.99820364
1.0,0.9935255
1.0,0.9987264
1.0,0.99759704
1.0,0.99920624
1.0,0.99926347
1.0,0.9373261
0.0,0.9646731
1.0,0.9940627
0.0,0.001030297
1.0,0.9999702
1.0,0.9936528
1.0,0.9519945
1.0,0.9984902
1.0,0.9818849
1.0,0.9982634
1.0,0.9986681
1.0,0.99984884
1.0,0.99873155
1.0,0.9925182
1.0,0.9977335
1.0,0.9922678
0.0,0.0023306513
1.0,0.99925417
1.0,0.3783231
1.0,0.9831513
1.0,0.9910568
1.0,0.99470717
1.0,0.9996124
1.0,0.999129
1.0,0.9774122
1.0,0.99445736
1.0,0.96729493
1.0,0.94684774
1.0,0.99876165
1.0,0.9997471
1.0,0.98236865
1.0,0.9996346
1.0,0.9875294
0.0,0.7752316
1.0,0.9996778
1.0,0.9943942
0.0,0.10779003
1.0,0.99945635
1.0,0.99942386
1.0,0.999119
1.0,0.009206825
1.0,0.99763525
1.0,0.9987747
1.0,0.9911246
0.0,0.0072368905
1.0,0.999076
1.0,0.9983543
1.0,0.99298567
1.0,0.9991425
1.0,0.72239363
1.0,0.9994916
0.0,0.00076830026
0.0,0.8032087
1.0,0.9985663
0.0,0.9585206
1.0,0.9667304
1.0,0.999501
1.0,0.9994931
1.0,0.99971336
0.0,0.6202448
1.0,0.9991134
1.0,0.99987066
1.0,0.999302
0.0,0.058267806
1.0,0.96647906
1.0,0.9996828
1.0,0.9819713
1.0,0.9252953
1.0,0.9995202
0.0,0.015828729
1.0,0.9992217
0.0,0.0011094977
1.0,0.9998951
1.0,0.9926468
1.0,0.93661565
0.0,0.9487594
0.0,0.004054694
1.0,0.9999943
1.0,0.99303705
1.0,0.99947745
0.0,0.016686887
1.0,0.8344713
1.0,0.98707736
0.0,0.9801459
1.0,0.9986985
1.0,0.9999641
0.0,0.05133746
1.0,0.99424803
1.0,0.9978788
1.0,0.99975723
1.0,0.957808
1.0,0.94202685
1.0,0.5013057
0.0,0.98367476
0.0,0.004207395
0.0,0.013091961
1.0,0.9475013
0.0,0.8684709
0.0,0.0021181572
1.0,0.99961394
1.0,0.973637
1.0,0.9861311
1.0,0.9999654
1.0,0.9979114
1.0,0.710666
1.0,0.9988199
1.0,0.99970776
0.0,0.28301147
1.0,0.9991605
1.0,0.9679202
1.0,0.99412185
1.0,0.9960812
1.0,0.9985864
1.0,0.99927264
1.0,0.99672735
1.0,0.995197
1.0,0.9977755
1.0,0.98292637
1.0,0.6813
1.0,0.99991333
1.0,0.9994474
1.0,0.99985325
1.0,0.99833703
0.0,0.16066654
1.0,0.9908059
1.0,0.99863666
1.0,0.99061394
0.0,0.43123063
1.0,0.9968629
1.0,0.2611467
1.0,0.99996734
1.0,0.99937373
1.0,0.9976261
1.0,0.99962354
1.0,0.9768779
1.0,0.9935104
1.0,0.97764266
0.0,0.99559563
1.0,0.9920751
1.0,0.9871061
1.0,0.8111256
1.0,0.99066085
0.0,0.10413149
0.0,0.30072972
1.0,0.9959948
1.0,0.9978388
1.0,0.9998807
1.0,0.9747371
1.0,0.9998896
1.0,0.98707527
1.0,0.99912244
0.0,0.0020486172
1.0,0.99776316
1.0,0.9888236
1.0,0.99198395
1.0,0.996438
1.0,0.99195355
1.0,0.9955189
1.0,0.99979705
1.0,0.9994479
0.0,0.19943023
0.0,0.059322905
1.0,0.99003476
1.0,0.9880041
0.0,0.0061786855
1.0,0.9995515
1.0,0.9999249
1.0,0.948645
1.0,0.99895227
1.0,0.9956189
1.0,0.9897339
1.0,0.98941296
1.0,0.9544225
1.0,0.99938965
1.0,0.9968766
1.0,0.999537
1.0,0.9990435
1.0,0.9999825
0.0,0.51902163
1.0,0.99867356
1.0,0.9982316
1.0,0.99737716
1.0,0.9978532
1.0,0.9892896
1.0,0.9962365
1.0,0.9842705
1.0,0.9991062
1.0,0.9994235
1.0,0.9971648
1.0,0.998892
1.0,0.99373996
1.0,0.9923494
0.0,0.0006733439
1.0,0.9997354
1.0,0.9979115
1.0,0.99929404
1.0,0.9943164
1.0,0.97389954
1.0,0.9984004
1.0,0.9991347
1.0,0.9999598
1.0,0.33742154
1.0,0.9925351
1.0,0.99952805
1.0,0.99934477
1.0,0.99961156
1.0,0.99478984
1.0,0.99550444
1.0,0.9996935
0.0,0.91301256
1.0,0.9937926
1.0,0.9994149
1.0,0.23768039
1.0,0.997338
1.0,0.99875426
1.0,0.9958759
1.0,0.9981237
0.0,0.020482374
1.0,0.99901927
1.0,0.9997644
1.0,0.999624
1.0,0.99964964
1.0,0.99978334
1.0,0.99943894
1.0,0.9994305
1.0,0.99398094
1.0,0.9921509
1.0,0.9891923
1.0,0.40304634
1.0,0.9346728
0.0,0.004253914
1.0,0.999808
0.0,0.99944085
1.0,0.9984414
1.0,0.97867364
1.0,0.99912435
1.0,0.99892396
1.0,0.9974245
1.0,0.9974377
1.0,0.99880517
1.0,0.99952495
0.0,0.0003703324
1.0,0.9800427
1.0,0.99779403
1.0,0.9994648
1.0,0.9998872
1.0,0.9725017
0.0,0.7265121
0.0,0.93591905
0.0,0.15516321
1.0,0.8179234
1.0,0.9809404
1.0,0.9997855
1.0,0.9979296
1.0,0.99855727
1.0,0.5566343
1.0,0.99908876
1.0,0.9991652
1.0,0.999476
1.0,0.9778547
1.0,0.9977181
1.0,0.9998173
1.0,0.9960705
0.0,0.00048661823
0.0,0.0105070565
0.0,0.00019561444
1.0,0.9967091
1.0,0.9989209
1.0,0.9998172
1.0,0.9998989
1.0,0.99384946
1.0,0.9991467
1.0,0.9987602
0.0,0.055578865
1.0,0.9999503
1.0,0.9982097
1.0,0.9604595
1.0,0.9551237
1.0,0.99829394
1.0,0.99652904
1.0,0.9989489
1.0,0.9992101
1.0,0.9999244
1.0,0.99788326
1.0,0.98242724
1.0,0.995008
0.0,0.37456208
1.0,0.99496245
1.0,0.9983103
1.0,0.9980311
1.0,0.9923241
1.0,0.923739
1.0,0.9997942
0.0,0.9439444
1.0,0.99852556
1.0,0.9999926
1.0,0.4808593
1.0,0.5101719
1.0,0.9963238
0.0,0.9920224
1.0,0.9993284
1.0,0.99783605
1.0,0.052953012
1.0,0.99298346
1.0,0.99903154
1.0,0.9974088
0.0,0.29661334
1.0,0.99827886
1.0,0.995139
1.0,0.99825794
1.0,0.99982846
1.0,0.99956053
1.0,0.9976572
0.0,0.00046844862
1.0,0.99057204
1.0,0.9967272
1.0,0.91363776
1.0,0.99926466
1.0,0.99848145
0.0,0.20158978
1.0,0.9995415
1.0,0.9994361
1.0,0.9937953
1.0,0.9997379
1.0,0.9988526
1.0,0.99960464
1.0,0.9962554
0.0,0.9616018
0.0,0.09126491
1.0,0.991438
1.0,0.99491984
1.0,0.99703074
1.0,0.99414164
1.0,0.9745437
1.0,0.9982838
1.0,0.9996979
1.0,0.9507221
1.0,0.88203824
1.0,0.9998709
1.0,0.9985514
1.0,0.99847084
1.0,0.9217505
1.0,0.9981719
1.0,0.99993193
0.0,0.8735884
1.0,0.999694
1.0,0.9996176
1.0,0.2325749
1.0,0.99989223
1.0,0.9998441
1.0,0.9951302
1.0,0.99971646
1.0,0.99915063
0.0,0.9936745
1.0,0.999022
1.0,0.99839056
1.0,0.9991159
1.0,0.9973997
1.0,0.9998903
0.0,0.0004184964
1.0,0.9994153
0.0,0.961698
0.0,0.7225483
1.0,0.18780844
1.0,0.99773103
1.0,0.9972416
1.0,0.9869343
1.0,0.9994382
1.0,0.9984805
1.0,0.99881065
1.0,0.99967587
1.0,0.9999199
1.0,0.45977047
1.0,0.8906494
1.0,0.9985555
1.0,0.90307593
1.0,0.90219325
0.0,0.026653416
1.0,0.9994536
1.0,0.99399674
0.0,0.975523
1.0,0.98656195
1.0,0.9999682
1.0,0.87618554
1.0,0.99994874
0.0,0.09512262
1.0,0.9994777
0.0,0.092565306
1.0,0.997924
1.0,0.999699
1.0,0.98446274
1.0,0.9437147
1.0,0.99942756
1.0,0.9994717
1.0,0.9998274
1.0,0.9936615
1.0,0.9975254
1.0,0.9983499
1.0,0.98467076
1.0,0.9958301
1.0,0.99979776
1.0,0.9995403
1.0,0.99995875
1.0,0.37250808
0.0,0.059279144
1.0,0.9719812
1.0,0.98872024
1.0,0.99976283
1.0,0.9983158
1.0,0.9996793
1.0,0.99385357
1.0,0.99841666
1.0,0.9999745
1.0,0.9998086
1.0,0.99944276
1.0,0.99639845
0.0,9.970354e-07
1.0,0.9993082
1.0,0.9998915
1.0,0.995928
1.0,0.99950945
1.0,0.9984238
1.0,0.9699931
0.0,0.5062247
1.0,0.995808
1.0,0.99904066
1.0,0.9987948
1.0,0.9998517
1.0,0.99757916
0.0,0.9516245
1.0,0.77226096
1.0,0.99990904
1.0,0.841965
1.0,0.9958625
1.0,0.9990387
0.0,0.99942183
1.0,0.9925774
1.0,0.99918216
1.0,0.99945587
1.0,0.9892047
1.0,0.6600307
1.0,0.9841282
1.0,0.9998815
1.0,0.7250736
1.0,0.99940777
1.0,0.8415146
1.0,0.99994195
1.0,0.99279433
1.0,0.99595153
1.0,0.99715173
1.0,0.103196464
1.0,0.963757
1.0,0.9998543
1.0,0.9994642
0.0,0.21167555
1.0,0.9254985
0.0,0.21973515
0.0,0.101764835
1.0,0.9955089
1.0,0.997531
1.0,0.9989642
1.0,0.99982494
1.0,0.99921894
1.0,0.99991643
1.0,0.99928325
0.0,0.77554286
1.0,0.9998764
1.0,0.99818593
1.0,0.9974916
1.0,0.99755114
1.0,0.99867684
0.0,0.0015560086
1.0,0.99916565
1.0,0.99378777
1.0,0.6362682
1.0,0.9993254
0.0,0.0016932074
1.0,0.99723166
1.0,0.9937703
1.0,0.99908316
1.0,0.994259
1.0,0.9999441
1.0,0.9968618
1.0,0.18337575
1.0,0.99984515
1.0,0.9997687
0.0,0.9011765
1.0,0.99811614
1.0,0.98244077
1.0,0.9889682
1.0,0.9972792
1.0,0.9943885
1.0,0.99183214
1.0,0.91246843
1.0,0.9746406
1.0,0.99760324
1.0,0.9894762
1.0,0.9985964
1.0,0.9938886
1.0,0.97909355
1.0,0.9937355
1.0,0.99600995
1.0,0.9925477
1.0,0.9971642
1.0,0.99194795
1.0,0.9994764
1.0,0.99945456
1.0,0.2200554
1.0,0.96485573
1.0,0.9995764
0.0,0.018104557
1.0,0.9781818
1.0,0.99673355
1.0,0.999315
1.0,0.99700767
0.0,0.8283563
1.0,0.99748236
0.0,0.9817166
1.0,0.99659365
1.0,0.5790744
0.0,0.001064384
1.0,0.9985536
0.0,0.9937669
1.0,0.9957858
1.0,0.9961414
1.0,0.99995244
1.0,0.97166026
1.0,0.88231796
1.0,0.99972194
1.0,0.9994886
1.0,0.99906033
0.0,0.004452755
0.0,7.0214664e-06
1.0,0.9998629
1.0,0.8860304
0.0,0.0001662319
1.0,0.31271112
0.0,0.10439596
0.0,0.029796926
0.0,0.002871048
1.0,0.99873644
1.0,0.99954885
1.0,0.830458
1.0,0.9612789
1.0,0.9925538
0.0,0.005453706
0.0,0.11304684
1.0,0.99901295
1.0,0.99972767
1.0,0.99679476
1.0,0.9995981
1.0,0.98535186
0.0,0.9924704
1.0,0.9963612
1.0,0.8064156
1.0,0.99838126
1.0,0.99403316
1.0,0.9220734
1.0,0.9753533
1.0,0.99051124
1.0,0.99965525
1.0,0.9997787
1.0,0.9655855
1.0,0.99996257
1.0,0.3227302
0.0,0.9472234
1.0,0.6678527
1.0,0.99982077
0.0,0.0031061692
0.0,0.6430285
0.0,0.005213741
1.0,0.8549984
1.0,0.99915314
1.0,0.99697876
1.0,0.99807656
1.0,0.104807146
1.0,0.9977289
1.0,0.99795425
1.0,0.99965763
1.0,0.99539584
1.0,0.9990289
1.0,0.99966145
1.0,0.999551
1.0,0.9889684
1.0,0.9816405
0.0,0.78049374
0.0,0.9894421
1.0,0.98047465
1.0,0.9988838
1.0,0.9933601
1.0,0.99790454
1.0,0.999408
1.0,0.9995902
1.0,0.9989749
1.0,0.99771035
0.0,0.006995775
1.0,0.9924623
1.0,0.9991234
1.0,0.999435
1.0,0.98894453
1.0,0.99975747
1.0,0.9998276
1.0,0.9986646
1.0,0.99890053
1.0,0.9999777
1.0,0.99828583
1.0,0.979002
1.0,0.9990926
1.0,0.9947855
1.0,0.99991035
1.0,0.99889934
1.0,0.9696312
1.0,0.9734517
0.0,0.4395338
0.0,0.99278545
1.0,0.9999324
1.0,0.9982476
1.0,0.9997241
0.0,0.67530864
1.0,0.8042212
1.0,0.99918014
1.0,0.9989949
1.0,0.9975654
1.0,0.99910706
0.0,0.003280687
1.0,0.1426498
1.0,0.9849172
1.0,0.9958995
0.0,0.0017357201
1.0,0.99948007
1.0,0.99878246
0.0,0.9911157
1.0,0.5942997
0.0,0.0060172756
0.0,0.1800638
1.0,0.9911827
1.0,0.9970386
1.0,0.99929297
1.0,0.99438536
1.0,0.9992526
1.0,0.9991347
1.0,0.999884
1.0,0.99947876
1.0,0.9907562
1.0,0.87259525
1.0,0.99611413
0.0,0.63971984
1.0,0.9990305
1.0,0.99942845
1.0,0.9843227
1.0,0.9989504
1.0,0.9997998
0.0,0.9926085
1.0,0.99383956
1.0,0.30438372
1.0,0.9978752
1.0,0.99485815
1.0,0.9984665
1.0,0.99982184
1.0,0.9967752
1.0,0.99841547
1.0,0.9998841
1.0,0.9995492
1.0,0.999283
1.0,0.9997987
1.0,0.9953963
1.0,0.9928058
1.0,0.9977586
1.0,0.9865216
1.0,0.99961984
1.0,0.99414474
1.0,0.010680343
1.0,0.9995278
1.0,0.9976126
1.0,0.996095
1.0,0.9665895
0.0,0.26129475
1.0,0.99920815
1.0,0.99983466
1.0,0.99528116
1.0,0.99738127
1.0,0.9969502
1.0,0.9997439
1.0,0.7480837
1.0,0.9970982
1.0,0.98578507
1.0,0.99990976
0.0,8.356008e-05
1.0,0.9998634
0.0,0.085409954
1.0,0.9986687
1.0,0.9969501
1.0,0.9986864
1.0,0.9990526
1.0,0.9986337
1.0,0.99763155
1.0,0.99986863
1.0,0.99931383
1.0,0.9993813
1.0,0.99912983
1.0,0.2155478
1.0,0.99604625
1.0,0.9995814
1.0,0.99145836
0.0,0.9233456
1.0,0.9982212
1.0,0.9999566
1.0,0.9355461
1.0,0.9999267
1.0,0.9991555
1.0,0.9974329
1.0,0.9942888
1.0,0.99898976
0.0,0.02611948
1.0,0.99844366
1.0,0.9983612
1.0,0.9982792
1.0,0.99967265
1.0,0.9876852
1.0,0.99985766
0.0,0.0033644433
1.0,0.998307
0.0,0.0012732834
1.0,0.9590399
1.0,0.9815516
1.0,0.99966884
0.0,0.9995158
1.0,0.9980628
1.0,0.9516606
1.0,0.99790597
1.0,0.9988519
1.0,0.999009
1.0,0.599867
0.0,0.011014148
1.0,0.9998604
1.0,0.97819805
1.0,0.99809986
1.0,0.99426067
0.0,0.42693862
1.0,0.9997571
1.0,0.94371647
0.0,0.14813381
1.0,0.99991906
1.0,0.9990319
1.0,0.9918418
1.0,0.9994466
1.0,0.9962328
1.0,0.9997428
1.0,0.94176406
1.0,0.99819
1.0,0.8767203
1.0,0.99912935
1.0,0.9996207
1.0,0.9568508
1.0,0.99750656
1.0,0.48877084
1.0,0.9480447
1.0,0.9954727
1.0,0.9984976
1.0,0.9973604
0.0,0.05749919
1.0,0.9864726
1.0,0.999874
1.0,0.98716325
1.0,0.99940276
1.0,0.022351345
1.0,0.9994997
1.0,0.9995443
1.0,0.9997434
1.0,0.99963033
0.0,0.88751507
1.0,0.9994506
1.0,0.9992101
1.0,0.9997552
0.0,0.0006291824
1.0,0.9506542
1.0,0.0751114
1.0,0.9974655
0.0,0.961877
1.0,0.7696944
1.0,0.33757135
1.0,0.98800373
1.0,0.9850702
1.0,0.98921263
1.0,0.99635375
1.0,0.9994629
1.0,0.9998323
1.0,0.98139966
1.0,0.7609379
1.0,0.9985145
1.0,0.99961025
1.0,0.99717915
1.0,0.76029944
1.0,0.9981
1.0,0.9966107
1.0,0.99623966
1.0,0.67390966
1.0,0.80283135
1.0,0.9995453
1.0,0.998971
1.0,0.70120645
0.0,0.0011368917
1.0,0.999882
1.0,0.99933535
1.0,0.9998683
1.0,0.9994054
1.0,0.98474205
1.0,0.984821
1.0,0.9994679
1.0,0.99697876
1.0,0.99867743
0.0,0.0025081746
0.0,0.07652197
1.0,0.999908
1.0,0.992254
1.0,0.999491
1.0,0.9931375
0.0,0.9604056
1.0,0.9928396
1.0,0.9983491
1.0,0.9731056
1.0,0.95602566
1.0,0.9968811
1.0,0.9998609
1.0,0.98459136
1.0,0.9960303
1.0,0.9994568
1.0,0.9998541
0.0,0.14792916
1.0,0.99996865
1.0,0.9998629
1.0,0.9996892
0.0,0.99539596
1.0,0.99569315
1.0,0.99674356
0.0,0.63490963
1.0,0.23383774
1.0,0.9997094
1.0,0.99835914
1.0,0.58318675
1.0,0.9999945
1.0,0.9202101
1.0,0.9994611
0.0,0.97828525
1.0,0.9972089
1.0,0.9997279
1.0,0.9973248
1.0,0.9996137
1.0,0.9994236
1.0,0.99976856
0.0,0.009523173
0.0,0.95792556
1.0,0.9979381
1.0,0.9983975
1.0,0.9994209
1.0,0.99568224
1.0,0.9996092
1.0,0.99727887
1.0,0.9988268
1.0,0.9917572
0.0,0.97751516
1.0,0.99753284
1.0,0.9994655
1.0,0.99980825
1.0,0.99777967
1.0,0.9986386
1.0,0.9993954
1.0,0.99961936
1.0,0.9972459
1.0,0.99428636
1.0,0.96739477
1.0,0.9981944
1.0,0.15287709
0.0,0.03483748
1.0,0.9955988
1.0,0.99855345
1.0,0.99778926
1.0,0.99827266
1.0,0.99533516
1.0,0.998431
1.0,0.9997118
1.0,0.99643445
0.0,0.09697237
1.0,0.99844223
1.0,0.017341634
1.0,0.91273344
1.0,0.9990233
1.0,0.9952502
1.0,0.98736537
1.0,0.974835
1.0,0.9968328
1.0,0.49732715
1.0,0.99989855
0.0,0.18757571
1.0,0.56617415
1.0,0.99804425
1.0,0.9999608
1.0,0.99875426
1.0,0.9997929
1.0,0.9975321
1.0,0.9992736
0.0,0.012157703
1.0,0.9960573
1.0,0.9998573
1.0,0.6663061
1.0,0.999501
1.0,0.99971527
1.0,0.99427634
0.0,0.7521556
1.0,0.99784076
1.0,0.9994991
1.0,0.9924769
1.0,0.999765
1.0,0.99944085
0.0,0.035656996
1.0,0.9983866
1.0,0.697963
0.0,0.4169863
0.0,0.051210567
1.0,0.9979771
0.0,0.4988041
1.0,0.9995708
1.0,0.99964905
1.0,0.993541
1.0,0.9998704
1.0,0.7271937
0.0,0.00025488684
1.0,0.99386674
1.0,0.9996075
1.0,0.9824868
1.0,0.8594135
1.0,0.9908229
1.0,0.9997787
1.0,0.82546335
1.0,0.8340472
1.0,0.99854636
1.0,0.9872622
1.0,0.99964094
1.0,0.9998018
1.0,0.9789012
0.0,0.06095963
0.0,0.11310348
1.0,0.9988649
1.0,0.9778425
1.0,0.99990845
1.0,0.9874906
0.0,0.037186597
1.0,0.9961714
1.0,0.98342013
1.0,0.999196
0.0,4.7877573e-05
1.0,0.99479634
1.0,0.98971915
1.0,0.99544203
1.0,0.98102945
1.0,0.9856399
1.0,0.9961462
1.0,0.99971217
1.0,0.43025067
1.0,0.99900985
1.0,0.9992908
1.0,0.9844327
1.0,0.9998024
0.0,0.95840967
1.0,0.9979387
0.0,0.998114
1.0,0.94501585
1.0,0.9997174
1.0,0.99369675
1.0,0.9995654
1.0,0.9053662
0.0,0.0025434194
1.0,0.89525336
1.0,0.99856156
1.0,0.9991345
1.0,0.9991571
1.0,0.99979347
1.0,0.9996275
1.0,0.004333495
1.0,0.99945694
0.0,0.015165722
1.0,0.9896827
1.0,0.99395615
1.0,0.99884415
0.0,0.99993575
1.0,0.99872273
0.0,0.96481454
1.0,0.99522406
1.0,0.99749833
1.0,0.9983298
1.0,0.9959473
1.0,0.1419889
1.0,0.9855487
1.0,0.99988186
1.0,0.9999789
1.0,0.99879515
1.0,0.999864
1.0,0.9945557
1.0,0.9993167
0.0,0.8801039
0.0,1.04809715e-07
1.0,0.99724823
1.0,0.9982755
0.0,0.0006067311
1.0,0.99994695
1.0,0.9992994
1.0,0.99594265
1.0,0.99917704
1.0,0.9975592
1.0,0.9974841
1.0,0.99322367
1.0,0.9994912
1.0,0.9999887
1.0,0.99982256
1.0,0.84438807
1.0,0.9983734
1.0,0.99883944
1.0,0.97069305
0.0,0.009622512
0.0,0.5531727
1.0,0.99930024
1.0,0.99946207
1.0,0.9920677
1.0,0.9913084
1.0,0.99541026
1.0,0.96265405
1.0,0.99971133
0.0,0.98288697
1.0,0.9994778
1.0,0.93329704
0.0,0.0025354766
1.0,0.9985481
1.0,0.99954516
1.0,0.7751533
1.0,0.99970824
1.0,0.9995173
1.0,0.9999732
1.0,0.99926776
1.0,0.99962366
1.0,0.9992943
1.0,0.99381316
1.0,0.98678815
1.0,0.9919891
1.0,0.9998325
1.0,0.80275583
1.0,0.99132735
1.0,0.7224789
1.0,0.9996263
1.0,0.9910529
1.0,0.9991875
1.0,0.99538475
0.0,0.0073436117
0.0,0.93151414
1.0,0.98500305
0.0,0.00019140539
1.0,0.9996226
1.0,0.892542
0.0,0.1214088
1.0,0.9997904
1.0,0.99894875
1.0,0.9997837
1.0,0.97941625
1.0,0.99986243
0.0,0.08447658
1.0,0.997813
1.0,0.9997634
1.0,0.9983197
1.0,0.99323297
1.0,0.99410444
1.0,0.9972698
0.0,0.043797057
1.0,0.97094965
1.0,0.9995795
1.0,0.9991825
1.0,0.99512994
1.0,0.9917964
1.0,0.99869186
1.0,0.9633583
1.0,0.99896574
1.0,0.9900136
1.0,0.9989747
1.0,0.9959189
1.0,0.99740976
1.0,0.99970335
1.0,0.9997812
1.0,0.9991153
1.0,0.99993634
0.0,0.018938966
0.0,0.9945891
1.0,0.9995677
0.0,0.0076649287
1.0,0.9993242
1.0,0.9993868
1.0,0.9940859
1.0,0.88881814
1.0,0.8935922
1.0,0.99909425
1.0,0.9995894
1.0,0.99948454
1.0,0.99782133
1.0,0.9999701
1.0,0.9992269
1.0,0.8336787
0.0,0.92170334
1.0,0.99834406
1.0,0.9998363
1.0,0.9906131
1.0,0.93761975
1.0,0.9995142
1.0,0.9939202
1.0,0.9998286
1.0,0.9712205
1.0,0.9995796
1.0,0.9799104
1.0,0.9989887
1.0,0.99980587
1.0,0.99906594
1.0,0.99813664
0.0,0.99308115
1.0,0.99965286
1.0,0.9173056
1.0,0.9969541
1.0,0.99988663
0.0,0.0031242813
1.0,0.99541014
1.0,0.99999344
1.0,0.9998385
1.0,0.99995697
1.0,0.9984397
1.0,0.9987288
1.0,0.9971493
1.0,0.9963104
0.0,0.99214035
1.0,0.99628496
1.0,0.99897385
1.0,0.9006589
1.0,0.9926388
0.0,0.026751878
1.0,0.99987364
1.0,0.9990452
1.0,0.99853134
1.0,0.99960405
1.0,0.99996173
1.0,0.93403465
0.0,0.5362447
0.0,0.36999
1.0,0.9970806
1.0,0.9997081
1.0,0.9996629
1.0,0.97377384
1.0,0.91196084
1.0,0.999746
1.0,0.9906284
1.0,0.9996019
1.0,0.9957694
0.0,0.9434912
1.0,0.99730206
1.0,0.9998714
1.0,0.97426456
1.0,0.99824536
1.0,0.9999777
1.0,0.999151
1.0,0.88379234
1.0,0.9460073
1.0,0.9981975
1.0,0.65045625
1.0,0.99600524
1.0,0.9951029
1.0,0.999746
1.0,0.99976915
1.0,0.99956375
1.0,0.989837
1.0,0.9964631
1.0,0.98793334
1.0,0.9998323
1.0,0.9999542
1.0,0.99418336
1.0,0.95615643
1.0,0.99584347
1.0,0.99467754
1.0,0.99892163
0.0,2.3849158e-05
1.0,0.99652547
1.0,0.9993309
1.0,0.9989743
1.0,0.99624866
1.0,0.9998437
1.0,0.96644276
1.0,0.97722214
1.0,0.9821555
1.0,0.99142647
0.0,0.0030725596
1.0,0.99516857
1.0,0.9975866
1.0,0.9984921
1.0,0.9469156
1.0,0.99643916
1.0,0.87132007
1.0,0.968977
1.0,0.9966074
1.0,0.9998362
1.0,0.0094318595
1.0,0.9947636
1.0,0.9992956
1.0,0.9931908
1.0,0.9994741
1.0,0.99953544
1.0,0.9806841
1.0,0.99609876
1.0,0.9971029
1.0,0.99873215
1.0,0.99922514
1.0,0.99979657
1.0,0.99970055
0.0,0.01775427
1.0,0.9999267
1.0,0.9991773
0.0,0.9949267
1.0,0.9841711
1.0,0.9998004
1.0,0.99018073
1.0,0.99959224
1.0,0.99684674
1.0,0.9999558
0.0,0.99385935
1.0,0.8500023
1.0,0.9932815
1.0,0.84945047
1.0,0.91955596
0.0,0.03876666
0.0,0.025285885
1.0,0.9813145
1.0,0.99430895
1.0,0.9997274
0.0,0.9959566
0.0,0.0017454039
1.0,0.99991655
1.0,0.9954808
1.0,0.99897647
0.0,0.6096217
1.0,0.9984561
1.0,0.9833655
1.0,0.99911064
1.0,0.9986834
1.0,0.9952341
1.0,0.99981016
1.0,0.9974003
1.0,0.97033376
1.0,0.9991974
1.0,0.95441085
1.0,0.9983203
1.0,0.9936672
0.0,0.5728638
1.0,0.8924221
1.0,0.99960464
1.0,0.9915206
1.0,0.9986475
1.0,0.9979201
1.0,0.99968696
1.0,0.9947076
0.0,0.55112433
1.0,0.99687093
1.0,0.9999635
1.0,0.99826884
1.0,0.9992699
1.0,0.9997117
1.0,0.99899226
1.0,0.99963343
1.0,0.99411076
1.0,0.99888676
1.0,0.9958759
1.0,0.98200125
1.0,0.9639594
1.0,0.99982363
1.0,0.98752755
1.0,0.99966764
1.0,0.9998826
1.0,0.9997112
0.0,0.20357683
1.0,0.33636943
1.0,0.9905856
1.0,0.99431384
1.0,0.9866578
1.0,0.99988556
1.0,0.82154953
1.0,0.9974726
0.0,0.0020439152
1.0,0.9944153
1.0,0.52599853
1.0,0.9997017
1.0,0.99770653
1.0,0.99959403
1.0,0.9998977
1.0,0.99916506
0.0,0.11375842
1.0,0.99860233
1.0,0.9999168
1.0,0.99960834
1.0,0.9995085
1.0,0.9973568
1.0,0.95058024
1.0,0.9998754
1.0,0.9775081
1.0,0.9028457
1.0,0.99999106
1.0,0.97678465
0.0,0.0009811929
0.0,0.4392469
1.0,0.95149046
1.0,0.9787593
0.0,0.052215997
1.0,0.99855703
1.0,0.99963737
1.0,0.99916065
1.0,0.998558
1.0,0.99935263
1.0,0.93532497
1.0,0.9941425
0.0,0.54316336
1.0,0.99923205
1.0,0.99614066
1.0,0.999694
1.0,0.9986286
1.0,0.99735606
1.0,0.9998729
1.0,0.9162016
0.0,0.011536531
1.0,0.99720615
1.0,0.9932767
1.0,0.9993917
1.0,0.9985623
1.0,0.98828876
1.0,0.99953556
1.0,0.99986744
1.0,0.9942721
1.0,0.9979425
1.0,0.4261211
1.0,0.62575936
0.0,0.114790514
1.0,0.999964
1.0,0.99934477
1.0,0.9966156
1.0,0.99933076
1.0,0.9998228
1.0,0.999647
1.0,0.99994755
1.0,0.9995047
1.0,0.9415679
1.0,0.99987423
1.0,0.9990578
1.0,0.988593
1.0,0.99066097
1.0,0.57089114
1.0,0.9999459
1.0,0.99968326
1.0,0.99907625
1.0,0.93989
0.0,0.95277864
1.0,0.9999634
1.0,0.0162964
1.0,0.99925536
1.0,0.998814
1.0,0.9993892
0.0,0.005075002
1.0,0.9999646
1.0,0.99887043
1.0,0.9995896
0.0,0.35964754
1.0,0.99914074
1.0,0.9998211
1.0,0.99916923
1.0,0.9848525
1.0,0.99939156
1.0,0.99861526
1.0,0.99802196
1.0,0.9427043
1.0,0.99836415
1.0,0.9990375
1.0,0.99381834
1.0,0.9955512
0.0,0.029290836
1.0,0.9960186
1.0,0.9994042
1.0,0.7833923
0.0,0.99894446
1.0,0.99864596
1.0,0.99305516
1.0,0.99994147
0.0,0.0012257665
1.0,0.99602145
1.0,0.9983051
1.0,0.99967754
0.0,0.0007559147
1.0,0.8376679
1.0,0.99401385
1.0,0.9996886
1.0,0.99781764
1.0,0.99854857
1.0,0.9987525
1.0,0.5522778
1.0,0.9982439
1.0,0.99995995
1.0,0.9826749
1.0,0.9996731
1.0,0.9999
1.0,0.9989791
1.0,0.8747476
1.0,0.98426485
1.0,0.99998033
1.0,0.994696
0.0,0.9099395
1.0,0.98663795
1.0,0.99964285
1.0,0.99962103
1.0,0.99830246
1.0,0.6768909
1.0,0.9995171
1.0,0.9921483
0.0,0.0008642602
0.0,0.0011206939
1.0,0.99935514
1.0,0.49072257
1.0,0.9275834
1.0,0.9971052
0.0,0.10602828
1.0,0.99800974
1.0,0.99969816
1.0,0.9974916
0.0,0.04224682
1.0,0.9720416
1.0,0.9966108
1.0,0.99955815
1.0,0.98548824
0.0,0.08817946
0.0,0.9997305
0.0,0.9648322
1.0,0.9998276
1.0,0.9640939
1.0,0.9968002
1.0,0.8964993
1.0,0.9500874
1.0,0.99514824
1.0,0.99978393
0.0,0.004156449
1.0,0.9979614
1.0,0.9996673
0.0,0.89458007
1.0,0.9997687
1.0,0.9986947
1.0,0.9985098
1.0,0.9998964
1.0,0.97239256
1.0,0.99317306
1.0,0.99945456
1.0,0.99918073
0.0,0.24489689
1.0,0.99933666
1.0,0.986834
1.0,0.9995334
1.0,0.9993104
0.0,0.15954381
0.0,0.999332
1.0,0.9902022
0.0,0.00076968415
1.0,0.999428
1.0,0.13795875
1.0,0.9959901
1.0,0.99990404
1.0,0.9995092
1.0,0.99118656
1.0,0.9601105
1.0,0.9995189
1.0,0.8502491
1.0,0.9999273
1.0,0.99955875
1.0,0.99984765
1.0,0.9988927
1.0,0.9985857
1.0,0.9415112
1.0,0.9999136
1.0,0.9951249
1.0,0.9985868
0.0,0.9020307
1.0,0.9700969
1.0,0.99995553
1.0,0.9928727
1.0,0.99671566
1.0,0.9970379
1.0,0.9999056
1.0,0.997851
0.0,0.030554501
1.0,0.9992976
1.0,0.9993292
0.0,0.024346093
1.0,0.99758554
1.0,0.999323
1.0,0.9998678
1.0,0.99968207
1.0,0.9992473
1.0,0.9958519
0.0,0.99620205
1.0,0.9999713
1.0,0.99654394
1.0,0.99957484
1.0,0.9981933
1.0,0.9985959
1.0,0.99805427
1.0,0.9876583
1.0,0.99959224
1.0,0.9896712
1.0,0.9997075
0.0,0.008940932
1.0,0.7997329
1.0,0.99929357
1.0,0.99977535
1.0,0.99603844
1.0,0.9998103
1.0,0.9999261
1.0,0.96837234
0.0,0.049735386
1.0,0.9999471
1.0,0.99923337
1.0,0.99253803
1.0,0.9996762
1.0,0.99990726
1.0,0.99760336
1.0,0.9998473
1.0,0.9991731
1.0,0.9996877
1.0,0.999632
1.0,0.9994147
1.0,0.99990106
1.0,0.9997882
1.0,0.9991677
1.0,0.99559385
1.0,0.99952173
0.0,0.15562195
1.0,0.99940586
1.0,0.30282393
1.0,0.99924314
1.0,0.99732274
1.0,0.9975937
1.0,0.8990483
1.0,0.9995963
1.0,0.9999149
1.0,0.99674666
1.0,0.99595416
1.0,0.99949026
0.0,0.0024314623
1.0,0.9987853
1.0,0.99979013
0.0,0.021217639
1.0,0.9944963
1.0,0.9987602
1.0,0.99900645
1.0,0.9987852
1.0,0.9763371
1.0,0.95477325
1.0,0.99900585
0.0,0.46503064
1.0,0.99872404
1.0,0.9999522
1.0,0.9741799
1.0,0.9180021
1.0,0.99978894
0.0,0.89879256
1.0,0.56798506
0.0,0.0050490582
1.0,0.99931896
1.0,0.9864999
1.0,0.9998337
1.0,0.9987779
1.0,0.99967015
1.0,0.9996958
1.0,0.9985648
1.0,0.9933889
1.0,0.9998741
1.0,0.99819547
1.0,0.9998393
1.0,0.99665064
1.0,0.99409986
1.0,0.9970867
0.0,0.025835417
1.0,0.98275083
1.0,0.972817
1.0,0.9919904
1.0,0.992694
1.0,0.8715321
1.0,0.9998223
1.0,0.9962644
1.0,0.99732864
1.0,0.9995958
1.0,0.9997658
1.0,0.9978242
1.0,0.9980836
0.0,0.0037287676
1.0,0.9986669
1.0,0.996485
0.0,0.54316574
1.0,0.99929166
1.0,0.99943835
0.0,0.075723894
1.0,0.9994493
1.0,0.9827466
1.0,0.999967
1.0,0.9947772
1.0,0.9998883
0.0,0.18472761
1.0,0.99936134
1.0,0.010265132
1.0,0.99542063
1.0,0.9996784
1.0,0.9994456
1.0,0.9997373
1.0,0.9995435
0.0,0.23595908
1.0,0.93609685
1.0,0.9988391
1.0,0.9872636
0.0,0.95179534
1.0,0.9991997
1.0,0.9981694
1.0,0.97792655
1.0,0.99837375
1.0,0.99936765
1.0,0.9997733
1.0,0.99845684
1.0,0.9997069
1.0,0.99724495
1.0,0.9150731
1.0,0.98686755
1.0,0.9923264
1.0,0.99895895
1.0,0.9987729
0.0,0.99683076
1.0,0.99961936
0.0,0.776825
1.0,0.99975735
0.0,0.17719254
0.0,0.76464003
1.0,0.9996948
0.0,0.10151027
1.0,0.8340886
1.0,0.9801062
1.0,0.6106114
1.0,0.99937624
1.0,0.792386
1.0,0.9981071
1.0,0.99982905
1.0,0.99998176
1.0,0.9969215
0.0,4.6835135e-05
0.0,0.3774768
0.0,0.42395747
1.0,0.9999716
1.0,0.9995776
1.0,0.99135613
1.0,0.99891114
1.0,0.99240714
1.0,0.99750596
0.0,0.9694806
1.0,0.9995732
1.0,0.99653435
1.0,0.9976655
1.0,0.9998443
1.0,0.5325275
1.0,0.9998191
1.0,0.99736816
1.0,0.98775345
1.0,0.99998355
1.0,0.8504463
0.0,0.9998406
1.0,0.9999379
1.0,0.99491286
0.0,0.14869271
1.0,0.9788225
1.0,0.998941
0.0,0.9888037
1.0,0.997357
1.0,0.99925953
1.0,0.9982021
0.0,0.000486628
1.0,0.9999932
1.0,0.9994547
1.0,0.99218965
1.0,0.9997398
1.0,0.9993705
0.0,0.009552498
0.0,0.0046231807
1.0,0.997479
1.0,0.97530407
1.0,0.9994204
1.0,0.9957189
1.0,0.9937263
1.0,0.9980349
1.0,0.99983144
1.0,0.9999709
1.0,0.9998312
1.0,0.99893206
1.0,0.052418742
0.0,0.007025903
1.0,0.9997657
1.0,0.9979942
1.0,0.927081
1.0,0.9279443
1.0,0.9998723
1.0,0.99995875
1.0,0.9996642
1.0,0.99986565
1.0,0.99870026
0.0,0.0023875341
1.0,0.99966955
0.0,0.99809426
1.0,0.99194455
1.0,0.8423862
1.0,0.9982734
0.0,0.951325
1.0,0.99316794
0.0,0.26165688
1.0,0.9994165
1.0,0.97101194
1.0,0.9968458
1.0,0.99938583
1.0,0.969986
1.0,0.9980071
0.0,0.09623578
1.0,0.99190444
1.0,0.99864715
1.0,0.99899656
1.0,0.99885154
1.0,0.99663323
1.0,0.9985801
1.0,0.9990565
1.0,0.9993492
1.0,0.99915147
1.0,0.9995396
0.0,0.93760294
1.0,0.99981076
1.0,0.9990339
1.0,0.9930207
1.0,0.012435187
1.0,0.99907756
1.0,0.99989116
1.0,0.998577
0.0,0.69803685
1.0,0.99977595
1.0,0.99059254
0.0,0.92456067
1.0,0.9998503
1.0,0.9936528
1.0,0.99863595
1.0,0.9969951
1.0,0.90478575
1.0,0.99993217
1.0,0.9969446
1.0,0.959433
0.0,0.9995468
1.0,0.9753491
0.0,0.008051809
1.0,0.9976732
1.0,0.990352
1.0,0.993034
1.0,0.90684587
1.0,0.7597704
1.0,0.99950755
1.0,0.98111963
0.0,0.009726818
0.0,0.0019337153
1.0,0.9208892
1.0,0.99498004
1.0,0.9986903
1.0,0.99987984
1.0,0.99972767
1.0,0.99783117
1.0,0.9992613
0.0,0.019721095
1.0,0.9573984
1.0,0.9810668
1.0,0.999539
1.0,0.99905163
1.0,0.9995198
1.0,0.9997687
0.0,0.022305598
1.0,0.99892765
1.0,0.9984516
1.0,0.9976872
1.0,0.99731475
0.0,0.005716606
1.0,0.9533583
1.0,0.999956
0.0,0.09081429
1.0,0.8423597
1.0,0.99888366
1.0,0.9797515
1.0,0.99995136
1.0,0.99916315
1.0,0.99995446
1.0,0.9937157
0.0,6.475669e-05
0.0,0.25017396
1.0,0.9998946
1.0,0.9998375
1.0,0.9731353
1.0,0.99944955
1.0,0.521437
0.0,0.6956382
1.0,0.99857414
1.0,0.9994648
0.0,0.9375929
1.0,0.996029
1.0,0.98643386
1.0,0.99924564
1.0,0.99796677
1.0,0.9988966
1.0,0.9998815
0.0,0.009902004
0.0,0.0001951338
0.0,0.07520245
0.0,0.013902706
1.0,0.9998932
1.0,0.95405674
1.0,0.99574345
1.0,0.9807796
1.0,0.9998479
1.0,0.9981914
1.0,0.9916358
1.0,0.996089
1.0,0.99537885
1.0,0.98318845
1.0,0.9994747
1.0,0.9759951
1.0,0.9999714
1.0,0.9883377
1.0,0.99748164
1.0,0.4866414
1.0,0.9990915
1.0,0.9970837
1.0,0.9986506
1.0,0.5961345
1.0,0.9999198
1.0,0.99988925
1.0,0.9995851
0.0,6.59727e-05
1.0,0.99939716
1.0,0.99940264
1.0,0.9972434
1.0,0.9997286
1.0,0.967082
1.0,0.96435666
1.0,0.9811779
1.0,0.9987154
1.0,0.99183214
1.0,0.9929276
1.0,0.9935754
0.0,0.010081697
1.0,0.97689587
1.0,0.9961307
1.0,0.99962926
0.0,0.03529007
1.0,0.9963929
1.0,0.99385923
1.0,0.9885309
1.0,0.99990404
1.0,0.999062
1.0,0.99967504
1.0,0.9996675
1.0,0.9967026
0.0,0.3701326
1.0,0.99982566
0.0,0.0035827649
1.0,0.9965244
1.0,0.8049676
1.0,0.99987054
1.0,0.9905071
1.0,0.999539
0.0,0.6056596
1.0,0.99985015
1.0,0.9998832
1.0,0.99961805
1.0,0.9999002
1.0,0.9998037
1.0,0.9984686
1.0,0.99760807
1.0,0.97958803
1.0,0.98601276
0.0,0.07474301
1.0,0.5696678
1.0,0.9992816
0.0,0.6502659
1.0,0.9715656
1.0,0.999566
1.0,0.99596536
1.0,0.95757174
1.0,0.9993124
1.0,0.999508
1.0,0.931811
1.0,0.99871206
1.0,0.9994382
0.0,0.16048782
1.0,0.9752108
1.0,0.7001647
1.0,0.99872166
1.0,0.9999001
1.0,0.99832016
1.0,0.99866176
1.0,0.98680604
1.0,0.9920711
1.0,0.98847175
1.0,0.36160517
1.0,0.99405956
1.0,0.9972452
1.0,0.9983859
1.0,0.9966365
0.0,0.016288942
1.0,0.9963787
1.0,0.9984806
1.0,0.1847249
1.0,0.99476767
1.0,0.9997805
1.0,0.9948277
1.0,0.98672915
1.0,0.99016905
1.0,0.9923028
1.0,0.9998745
1.0,0.99850935
1.0,0.9972409
0.0,0.97207683
1.0,0.99971694
1.0,0.9998996
1.0,0.9995975
1.0,0.99913883
1.0,0.9963923
1.0,0.8295265
1.0,0.999729
1.0,0.9995963
1.0,0.99988425
1.0,0.9985384
1.0,0.9998361
0.0,0.0011239483
1.0,0.9895135
1.0,0.9972258
1.0,0.9955056
1.0,0.99870634
1.0,0.99988127
1.0,0.9765449
1.0,0.9952295
1.0,0.9904765
1.0,0.99989045
1.0,0.9993125
0.0,0.32236418
1.0,0.9998838
0.0,0.9926075
0.0,0.014685835
1.0,0.99835336
1.0,0.97838897
1.0,0.9942508
0.0,0.07479762
1.0,0.9937908
0.0,0.87363476
1.0,0.9997644
1.0,0.9984707
1.0,0.82506305
1.0,0.997771
1.0,0.999731
1.0,0.999645
1.0,0.99994683
1.0,0.99607486
1.0,0.9968708
0.0,0.1759885
1.0,0.9997894
0.0,0.99735403
1.0,0.9928076
0.0,0.103705645
1.0,0.9988102
1.0,0.9987783
1.0,0.9939466
1.0,0.99942243
1.0,0.9903233
1.0,0.99472564
0.0,0.39934868
1.0,0.9979631
1.0,0.9996879
1.0,0.504792
1.0,0.98814386
1.0,0.99874735
0.0,0.0103816595
0.0,0.00821163
1.0,0.99614346
1.0,0.9981675
1.0,0.109411664
1.0,0.99942917
1.0,0.999964
1.0,0.99841607
1.0,0.999795
1.0,0.99741554
1.0,0.955354
1.0,0.99933124
1.0,0.9980317
1.0,0.99935776
1.0,0.9944512
1.0,0.44770312
1.0,0.9989465
1.0,0.99166846
1.0,0.9697676
1.0,0.9803569
1.0,0.9999163
1.0,0.998461
1.0,0.9989868
1.0,0.23796062
0.0,0.015767043
1.0,0.99946314
1.0,0.9995782
1.0,0.9957457
1.0,0.99329716
1.0,0.99554527
1.0,0.9990852
1.0,0.99556535
1.0,0.9991099
1.0,0.9986482
1.0,0.9994124
1.0,0.99718624
1.0,0.99997604
0.0,0.01993504
1.0,0.9942002
1.0,0.9991678
1.0,0.9982015
1.0,0.9966456
1.0,0.9907064
0.0,0.0028303245
0.0,0.008994695
1.0,0.999724
1.0,0.9848958
1.0,0.99955815
1.0,0.9999198
1.0,0.99837863
1.0,0.99974674
1.0,0.9991835
1.0,0.995955
1.0,0.9995454
1.0,0.98746455
1.0,0.88205653
1.0,0.99572647
1.0,0.98214495
1.0,0.9990416
1.0,0.99515116
1.0,0.9918017
1.0,0.99835086
1.0,0.9991829
1.0,0.99750865
1.0,0.9916397
1.0,0.99482036
1.0,0.9827822
1.0,0.9998547
1.0,0.99938047
1.0,0.9991283
1.0,0.99668556
1.0,0.9804688
1.0,0.9947084
1.0,0.9993488
1.0,0.9917024
1.0,0.9980959
1.0,0.99997044
1.0,0.9995951
1.0,0.9998317
1.0,0.9030735
1.0,0.98071325
1.0,0.999464
1.0,0.99815434
1.0,0.9997937
1.0,0.9964244
1.0,0.99990356
1.0,0.9996018
0.0,0.9988902
0.0,0.058104176
0.0,0.99575114
0.0,0.32080126
1.0,0.99875593
0.0,0.34097344
1.0,0.99932516
0.0,0.00073063525
1.0,0.12659684
1.0,0.99887675
0.0,0.00059760583
1.0,0.9999025
1.0,0.999785
1.0,0.9988599
1.0,0.9929066
1.0,0.77959794
1.0,0.9993611
0.0,0.98685753
1.0,0.9993788
1.0,0.9989365
1.0,0.9999658
1.0,0.99926144
1.0,0.99981385
0.0,0.0059195845
1.0,0.98928857
1.0,0.997472
1.0,0.9986563
1.0,0.10642643
1.0,0.9994306
1.0,0.8986691
1.0,0.99974424
1.0,0.99740356
1.0,0.9966102
1.0,0.9852233
1.0,0.9974922
1.0,0.997858
1.0,0.9994398
1.0,0.9987172
1.0,0.99994993
1.0,0.9825737
1.0,0.99703336
0.0,0.001397068
1.0,0.9996433
1.0,0.9965894
1.0,0.93461436
1.0,0.9998287
1.0,0.0625164
1.0,0.9765277
0.0,0.24042442
0.0,0.88140655
1.0,0.9997814
1.0,0.97548145
1.0,0.9963503
1.0,0.99923444
1.0,0.9999769
1.0,0.99606496
0.0,0.83552015
1.0,0.989375
1.0,0.9999254
0.0,0.0002393183
1.0,0.99898833
0.0,0.071499795
1.0,0.9987502
1.0,0.99249786
1.0,0.99837637
1.0,0.99903655
1.0,0.7266689
1.0,0.99652064
0.0,0.04762163
1.0,0.9991185
1.0,0.9997696
1.0,0.9928195
1.0,0.91190714
1.0,0.9970108
1.0,0.9976689
1.0,0.99961215
1.0,0.9985715
0.0,0.09400801
1.0,0.8921607
1.0,0.9949144
1.0,0.66834116
1.0,0.99411833
0.0,0.015885565
1.0,0.9998429
1.0,0.9999428
1.0,0.9989724
1.0,0.9993284
1.0,0.9998386
1.0,0.99966073
1.0,0.9974744
0.0,0.12029637
1.0,0.9982351
1.0,0.9993174
1.0,0.99875045
1.0,0.99705124
1.0,0.998816
1.0,0.99998546
1.0,0.70632327
1.0,0.11863044
1.0,0.9186722
1.0,0.99834836
1.0,0.998589
1.0,0.9961511
1.0,0.9977289
1.0,0.99748
1.0,0.99125284
1.0,0.9980813
1.0,0.9997547
1.0,0.99795234
1.0,0.999258
1.0,0.9989222
1.0,0.9994205
0.0,0.0032278618
1.0,0.9999001
1.0,0.5786304
1.0,0.9873754
0.0,5.6516365e-05
0.0,0.9547454
1.0,0.9997092
1.0,0.9991966
1.0,0.9968786
1.0,0.97094923
1.0,0.9981371
0.0,0.0035907745
0.0,0.038992092
1.0,0.54499435
1.0,0.99994695
0.0,0.047163446
1.0,0.9934377
0.0,0.062304758
1.0,0.99661416
1.0,0.9993156
1.0,0.99957293
1.0,0.9838176
1.0,0.9993887
1.0,0.99960977
1.0,0.99408793
0.0,0.9244494
1.0,0.99951553
1.0,0.9998617
1.0,0.99979967
1.0,0.9977822
1.0,0.9879632
1.0,0.9766068
1.0,0.99985385
1.0,0.9794971
1.0,0.99985325
1.0,0.99092335
1.0,0.31405964
1.0,0.14515454
1.0,0.046379093
0.0,0.99694234
1.0,0.7748522
1.0,0.99981505
1.0,0.9993523
1.0,0.9821041
1.0,0.9998511
1.0,0.9997408
1.0,0.99910396
1.0,0.974157
1.0,0.9683635
1.0,0.9995098
1.0,0.9874056
1.0,0.99938035
1.0,0.9996075
1.0,0.966221
1.0,0.99931824
1.0,0.99856335
1.0,0.9993154
0.0,0.016271643
1.0,0.99847656
1.0,0.9981597
1.0,0.99950814
1.0,0.7860141
0.0,0.00012574333
0.0,0.9777339
1.0,0.99408686
0.0,0.017012687
1.0,0.99989724
1.0,0.9995105
0.0,0.36739668
1.0,0.9999783
1.0,0.49513957
1.0,0.999749
1.0,0.99983275
1.0,0.9893022
0.0,0.004435605
1.0,0.9149892
1.0,0.99937695
1.0,0.99938464
1.0,0.97144115
1.0,0.9996463
1.0,0.9938013
1.0,0.99062157
1.0,0.9910522
1.0,0.999959
1.0,0.99992514
1.0,0.9968156
1.0,0.9991548
1.0,0.9289676
1.0,0.99962425
0.0,0.9868912
1.0,0.99978286
1.0,0.9994161
1.0,0.914611
0.0,0.024918828
1.0,0.9995634
1.0,0.9982192
1.0,0.9932285
1.0,0.997735
1.0,0.9996785
1.0,0.99919003
1.0,0.9995653
0.0,0.0064508338
1.0,0.9996668
1.0,0.9994948
1.0,0.9997583
1.0,0.9997825
1.0,0.9985964
1.0,0.6972096
1.0,0.9990539
1.0,0.83401567
1.0,0.9990421
1.0,0.99744797
1.0,0.999918
1.0,0.9991341
1.0,0.9615696
0.0,0.0039036255
0.0,0.9522131
1.0,0.99391574
1.0,0.9981079
1.0,0.95689493
1.0,0.9977849
1.0,0.9994343
1.0,0.999841
1.0,0.997727
1.0,0.99006444
1.0,0.9986713
1.0,0.99707603
1.0,0.96767855
1.0,0.9998584
1.0,0.80833334
1.0,0.9991328
1.0,0.99512
1.0,0.99813664
1.0,0.99859875
1.0,0.9994685
1.0,0.42052358
1.0,0.9999362
1.0,0.99982077
1.0,0.997741
1.0,0.9917957
1.0,0.9993291
1.0,0.99931633
0.0,0.82883054
1.0,0.71875346
1.0,0.9683533
1.0,0.998591
1.0,0.9996414
1.0,0.96011025
1.0,0.99949515
1.0,0.998968
1.0,0.9995621
0.0,0.034748934
1.0,0.9895303
0.0,0.88107467
1.0,0.16945986
0.0,0.20783027
1.0,0.999559
0.0,0.03952964
1.0,0.98756415
1.0,0.99967694
1.0,0.99737215
1.0,0.99897975
1.0,0.994115
1.0,0.99910456
1.0,0.999967
1.0,0.998949
0.0,0.7532163
1.0,0.97927666
1.0,0.9991567
1.0,0.9997919
1.0,0.9998977
1.0,0.9981067
1.0,0.9973078
1.0,0.9938683
1.0,0.9973363
1.0,0.9998511
1.0,0.9612232
1.0,0.99871993
1.0,0.9933969
1.0,0.9922212
1.0,0.9726546
0.0,0.603301
1.0,0.6101153
1.0,0.98808086
1.0,0.999841
1.0,0.99973303
1.0,0.9999256
1.0,0.8952765
0.0,0.36059648
1.0,0.99978524
1.0,0.99615306
1.0,0.9997749
1.0,0.99746466
1.0,0.9973488
1.0,0.9970048
1.0,0.98947
1.0,0.9997961
1.0,0.99988616
1.0,0.99993134
1.0,0.9997942
1.0,0.99982053
1.0,0.9964483
1.0,0.99770397
1.0,0.87267613
0.0,0.90641785
1.0,0.8069606
1.0,0.99411124
0.0,0.0018160242
0.0,0.009984037
1.0,0.99932647
1.0,0.97005886
0.0,0.02510322
1.0,0.9994925
1.0,0.99930596
1.0,0.998312
1.0,0.9995172
0.0,0.0024755357
1.0,0.99902403
1.0,0.9768718
1.0,0.110065944
1.0,0.3983669
1.0,0.6014334
1.0,0.60291046
1.0,0.999246
1.0,0.9987404
1.0,0.9918384
1.0,0.9980665
1.0,0.9986993
1.0,0.9989195
1.0,0.99951744
1.0,0.9688269
1.0,0.9970811
1.0,0.9862033
1.0,0.99986863
1.0,0.99685246
1.0,0.99854004
1.0,0.9953185
1.0,0.9737144
1.0,0.99960965
1.0,0.9933657
1.0,0.97033036
1.0,0.9994004
1.0,0.5851529
1.0,0.99941325
0.0,0.0020337084
1.0,0.86149865
1.0,0.9928993
1.0,0.6750922
1.0,0.9874451
1.0,0.99535
1.0,0.99778265
1.0,0.22533955
1.0,0.9180669
1.0,0.25239772
1.0,0.99934477
1.0,0.95433253
1.0,0.9899011
0.0,0.79619414
1.0,0.9986828
1.0,0.996734
1.0,0.99997246
1.0,0.99868137
1.0,0.9999553
1.0,0.5033846
1.0,0.99956614
1.0,0.99962544
1.0,0.9953852
1.0,0.7367825
0.0,0.8619114
1.0,0.9974476
1.0,0.90789545
1.0,0.9994367
1.0,0.99937016
1.0,0.88804793
1.0,0.9995859
1.0,0.9971277
1.0,0.9976926
1.0,0.33182266
1.0,0.99993706
1.0,0.9979614
1.0,0.9958768
0.0,0.0344415
1.0,0.99851376
1.0,0.9959596
1.0,0.99396294
1.0,0.55761385
1.0,0.86732095
0.0,0.49367568
1.0,0.9982804
1.0,0.9999132
1.0,0.9878818
1.0,0.9982147
1.0,0.99943763
1.0,0.99934655
1.0,0.95872587
0.0,0.21117815
1.0,0.9993741
1.0,0.99224406
0.0,0.3290089
1.0,0.99940014
1.0,0.99768555
1.0,0.999326
1.0,0.9894651
1.0,0.9944395
1.0,0.9891852
1.0,0.99589795
0.0,0.010206549
1.0,0.99261546
1.0,0.9793761
1.0,0.97040415
1.0,0.9992774
1.0,0.9925357
1.0,0.99967146
1.0,0.9983425
1.0,0.99996173
1.0,0.98734903
1.0,0.9997787
1.0,0.99930847
1.0,0.9995241
1.0,0.99616855
1.0,0.9998568
1.0,0.99281937
1.0,0.90610677
1.0,0.9972644
1.0,0.999258
1.0,0.9959978
1.0,0.9895839
1.0,0.9994734
1.0,0.9742751
1.0,0.99915195
0.0,0.00014280392
1.0,0.99989176
0.0,0.1452406
1.0,0.9994469
0.0,0.050484072
1.0,0.9986035
1.0,0.9995976
1.0,0.99959356
1.0,0.99812835
1.0,0.9998023
1.0,0.99795663
0.0,0.89865535
1.0,0.99963284
1.0,0.99640393
1.0,0.9939814
1.0,0.99827707
1.0,0.9958395
1.0,0.9936733
1.0,0.9988158
1.0,0.99560213
1.0,0.6462465
1.0,0.9984296
1.0,0.99971217
0.0,0.999188
1.0,0.9958215
1.0,0.9998927
1.0,0.99991846
1.0,0.9557463
1.0,0.99947804
0.0,0.44555584
1.0,0.99623907
1.0,0.99709
1.0,0.9776593
1.0,0.9999677
1.0,0.9995664
1.0,0.9962651
1.0,0.8850228
1.0,0.9988966
1.0,0.99921715
0.0,0.40715516
1.0,0.90722823
1.0,0.999977
1.0,0.9979849
1.0,0.9970193
0.0,0.16691345
1.0,0.9995427
1.0,0.9954158
1.0,0.99892443
1.0,0.9600467
1.0,0.8933194
1.0,0.9991997
1.0,0.9959194
1.0,0.982199
1.0,0.9988274
1.0,0.9997607
1.0,0.99922526
1.0,0.99477875
0.0,0.0019671267
1.0,0.99977523
1.0,0.9983663
1.0,0.99920076
0.0,0.5969565
1.0,0.99998724
0.0,0.99238247
1.0,0.9998921
0.0,0.022482174
1.0,0.48218805
1.0,0.7431809
1.0,0.9998374
0.0,0.37750697
1.0,0.9931016
0.0,0.0034155338
1.0,0.9973035
1.0,0.9989153
1.0,0.99864453
1.0,0.99721223
1.0,0.99966455
1.0,0.9984249
0.0,0.52975523
1.0,0.9999243
1.0,0.99993014
1.0,0.9851664
1.0,0.99826944
1.0,0.99970955
1.0,0.98910904
1.0,0.9935603
0.0,0.8809559
1.0,0.9967204
0.0,0.017684104
1.0,0.99796605
1.0,0.9940095
1.0,0.9987399
1.0,0.99800366
1.0,0.9963337
1.0,0.9997799
1.0,0.985313
1.0,0.99762315
1.0,0.99966896
1.0,0.98865753
1.0,0.9821478
1.0,0.99591225
1.0,0.99802506
1.0,0.9999614
1.0,0.99970156
1.0,0.9997397
1.0,0.9995159
1.0,0.99971634
1.0,0.99875414
1.0,0.99938834
1.0,0.9008584
1.0,0.99737835
1.0,0.95257
0.0,0.9856264
1.0,0.99915946
1.0,0.9480401
0.0,0.018928345
1.0,0.9999049
0.0,0.73859143
1.0,0.9945128
0.0,0.025390921
1.0,0.99790984
1.0,0.9963889
1.0,0.9999255
1.0,0.99906105
1.0,0.99927455
1.0,0.99843544
1.0,0.9983096
1.0,0.9988667
1.0,0.99612194
1.0,0.99964917
1.0,0.9937734
1.0,0.99991786
1.0,0.99910814
1.0,0.9668286
0.0,8.137983e-05
1.0,0.99652004
1.0,0.99985445
1.0,0.9911333
1.0,0.9755349
1.0,0.99907935
1.0,0.99417347
1.0,0.99870026
1.0,0.99606055
0.0,0.9373095
1.0,0.9999722
1.0,0.999032
1.0,0.99708647
1.0,0.9980019
1.0,0.99015033
1.0,0.9630807
1.0,0.96917063
0.0,0.0011175057
0.0,0.0076164114
1.0,0.99341774
1.0,0.9995623
0.0,1.622746e-05
1.0,0.93312943
1.0,0.9995035
0.0,0.0010908013
1.0,0.9989932
1.0,0.999767
0.0,0.00018359243
1.0,0.9913305
0.0,0.0007290332
1.0,0.99844825
1.0,0.999926
1.0,0.9992085
1.0,0.9915604
1.0,0.9809452
1.0,0.99941194
1.0,0.9993761
1.0,0.99968517
1.0,0.9977315
1.0,0.99910504
1.0,0.99997103
1.0,0.7228973
1.0,0.999783
1.0,0.9985563
1.0,0.99417615
1.0,0.9978136
0.0,0.22223894
0.0,0.004823993
1.0,0.9998388
1.0,0.9994531
1.0,0.9945228
1.0,0.6599331
1.0,0.99994147
0.0,0.19925907
1.0,0.99882954
1.0,0.99283797
0.0,0.29179204
0.0,0.971474
1.0,0.97846174
1.0,0.6964796
1.0,0.99781173
1.0,0.9998832
1.0,0.9085358
1.0,0.9744596
1.0,0.9943667
1.0,0.99300224
1.0,0.999371
1.0,0.9988895
1.0,0.99844223
1.0,0.9991715
0.0,0.5532198
1.0,0.9953353
1.0,0.99898976
1.0,0.9995975
1.0,0.9988726
1.0,0.99965036
1.0,0.99956185
1.0,0.9998198
1.0,0.9769399
1.0,0.99603903
1.0,0.8885005
1.0,0.99943763
1.0,0.9970663
0.0,0.0014703268
1.0,0.9973636
0.0,0.9273088
1.0,0.9991171
1.0,0.98295903
1.0,0.8895223
1.0,0.9573381
1.0,0.98994
1.0,0.9997166
1.0,0.99554837
1.0,0.98219436
1.0,0.9577842
0.0,0.0023514635
1.0,0.9997483
1.0,0.9992741
0.0,0.9983551
1.0,0.90758276
1.0,0.99472237
1.0,0.99290437
1.0,0.9987796
1.0,0.9909524
1.0,0.99967897
1.0,0.9993374
1.0,0.96609503
1.0,0.5315057
1.0,0.9991548
1.0,0.99709463
1.0,0.9977137
1.0,0.99984705
1.0,0.9997447
1.0,0.9997166
1.0,0.9993911
1.0,0.884827
1.0,0.99941874
1.0,0.9911584
1.0,0.9972548
1.0,0.99960893
1.0,0.99984884
1.0,0.999701
1.0,0.9990608
1.0,0.9991322
1.0,0.999671
1.0,0.9802609
1.0,0.99821186
1.0,0.9683829
1.0,0.9982034
1.0,0.99933726
1.0,0.99872786
1.0,0.9998394
1.0,0.9881125
1.0,0.994827
1.0,0.99891376
1.0,0.9994497
1.0,0.99966
1.0,0.8991894
1.0,0.99571216
1.0,0.9986299
1.0,0.99868876
1.0,0.986746
1.0,0.99910116
1.0,0.99748355
1.0,0.9956453
1.0,0.98326886
1.0,0.99878865
1.0,0.99945766
1.0,0.9978504
0.0,0.05223061
1.0,0.999828
1.0,0.99910223
1.0,0.99979883
0.0,0.017285403
1.0,0.9998134
1.0,0.99257386
1.0,0.99859387
1.0,0.99964464
1.0,0.89807206
1.0,0.9955004
1.0,0.9971635
1.0,0.9995372
1.0,0.9916715
1.0,0.9698148
1.0,0.9773137
1.0,0.9961803
0.0,0.7007908
1.0,0.99987864
1.0,0.9922225
1.0,0.98785365
1.0,0.9999628
1.0,0.99478155
1.0,0.995375
1.0,0.97488153
1.0,0.8028999
1.0,0.9894093
1.0,0.99744666
1.0,0.9983999
1.0,0.9999218
1.0,0.35692275
0.0,0.07615121
1.0,0.93725073
1.0,0.9995865
1.0,0.9967809
1.0,0.9835284
1.0,0.9966126
1.0,0.99985874
1.0,0.99952555
1.0,0.9998516
0.0,0.514091
1.0,0.9988738
1.0,0.9998553
1.0,0.9999443
1.0,0.99951136
0.0,0.011299261
0.0,0.9018174
1.0,0.9379317
0.0,0.04549731
0.0,0.114231795
0.0,0.7088825
0.0,0.944589
1.0,0.99888736
1.0,0.99849916
1.0,0.9992322
1.0,0.9753532
1.0,0.995184
1.0,0.9994992
1.0,0.999703
1.0,0.997881
1.0,0.99977905
1.0,0.9937401
1.0,0.99995494
1.0,0.9992042
1.0,0.9996922
0.0,0.043035522
0.0,0.74487764
0.0,0.091982804
0.0,0.5235934
1.0,0.9999261
0.0,2.1063922e-06
1.0,0.999265
1.0,0.99995553
1.0,0.96575236
0.0,0.29118243
1.0,0.99853945
1.0,0.9995783
1.0,0.99926
1.0,0.99988246
1.0,0.9999814
1.0,0.9997851
1.0,0.9931375
1.0,0.9990262
0.0,0.99501556
1.0,0.9997528
1.0,0.12744938
1.0,0.9993808
1.0,0.9907498
1.0,0.9984553
1.0,0.996797
1.0,0.9997578
1.0,0.9995378
1.0,0.99975723
0.0,0.0028432803
1.0,0.9932166
1.0,0.99975604
0.0,0.12151103
1.0,0.9993358
1.0,0.9987239
0.0,0.83714765
0.0,0.00056872115
1.0,0.9943879
1.0,0.98977125
1.0,0.9969258
1.0,0.9993154
1.0,0.99791926
1.0,0.99600214
1.0,0.99995613
0.0,0.0031295742
0.0,0.32010317
1.0,0.999564
1.0,0.26227817
1.0,0.998324
0.0,0.028371256
0.0,0.7574813
1.0,0.9888571
1.0,0.99977654
1.0,0.99976474
1.0,0.8635224
1.0,0.9998399
0.0,0.13356192
